{"type":"FeatureCollection","features":[{"type":"Feature","geometry":{"type":"Polygon","coordinates":[[[121.066975917342,14.5742534736678],[121.068305916239,14.5743334602061],[121.069025914143,14.5743334575979],[121.069245915149,14.5743034586284],[121.069625914192,14.5742234607768],[121.069555912075,14.5738134876331],[121.069565911223,14.573693494925],[121.069605911406,14.5735535030599],[121.069725910158,14.5735235039843],[121.07049590829,14.5733235120706],[121.071985905225,14.5729335277083],[121.071925904052,14.5726835447262],[121.071635896437,14.571553618631],[121.071535894183,14.5711236464251],[121.073315889749,14.5705736702796],[121.073848873682,14.5704525412086],[121.074195888384,14.5703736774282],[121.074415886696,14.5703136784071],[121.074115878137,14.5687137834024],[121.073865869807,14.5676438532415],[121.073695865436,14.5667439115802],[121.073615862375,14.5664039336293],[121.073535861111,14.5661539493285],[121.073525853879,14.5651440150149],[121.073455849067,14.56440406259],[121.073412644593,14.5642623128861],[121.073135843111,14.5633541324023],[121.072985838832,14.5626941742973],[121.072825835405,14.562094214622],[121.072675832922,14.561684240659],[121.072645830989,14.5615042521036],[121.072315827682,14.5607743010698],[121.0720558229,14.5602143393895],[121.071795819914,14.5597643682051],[121.071665819319,14.5595643820698],[121.071555817918,14.5593643948839],[121.071015816346,14.5590344201084],[121.070285813905,14.5586244491533],[121.070045814604,14.5584844598932],[121.069765812425,14.5584144674036],[121.069135813136,14.5583944704148],[121.068705812966,14.5584644698666],[121.068105815611,14.5586044626171],[121.067735814817,14.5586944607047],[121.067235816123,14.5588644543835],[121.067135819259,14.559294426149],[121.067055819791,14.559484413649],[121.066955820232,14.5596144068784],[121.066585824828,14.560084378684],[121.066245826866,14.5604943547512],[121.065895828858,14.5607143437793],[121.065455830439,14.5608343383345],[121.065295832402,14.5608843367711],[121.065005831075,14.5609343351964],[121.065065834943,14.56135430761],[121.065135836162,14.5618342770909],[121.065285841339,14.5624842338083],[121.065435847415,14.5632441857479],[121.065435847415,14.5634441720245],[121.065745858715,14.5653640463552],[121.066125872131,14.5674439133761],[121.066595889552,14.570213733617],[121.06690590175,14.5721836066019],[121.066985904811,14.5725535818063],[121.06701590944,14.5730135529801],[121.067025910384,14.573393529388],[121.066975917342,14.5742534736678]]]},"properties":{"barangay":"Bagong Ilog"}},{"type":"Feature","geometry":{"type":"Polygon","coordinates":[[[121.085885784652,14.5551145788948],[121.085385776077,14.553774667044],[121.085105770305,14.5530147172649],[121.084295772888,14.5530547183022],[121.082105775447,14.5535147031906],[121.080895777997,14.553714698287],[121.080005778417,14.5537746992152],[121.079545778109,14.5537247052538],[121.079275777773,14.5537047087095],[121.079115778837,14.5536847104244],[121.077815779179,14.5536047233523],[121.076725778685,14.5536247286006],[121.076415778165,14.5536147311936],[121.076295779413,14.5536447303691],[121.076075779305,14.5536947278265],[121.076235781833,14.5540547036208],[121.076295783006,14.5542046956804],[121.076295783006,14.5542646903889],[121.076235786325,14.554624667862],[121.075995793312,14.5558045950753],[121.075875797254,14.5563045642462],[121.075835799766,14.5565545484068],[121.07581580237,14.5569845203267],[121.075845801609,14.5570645148685],[121.0758658017,14.5572045067685],[121.075755802994,14.5572445053073],[121.075645801592,14.5572745031199],[121.075749339615,14.5577648899584],[121.07583580875,14.5581744434248],[121.076715805588,14.5579944511362],[121.07798580511,14.5576944633725],[121.079225801799,14.5573944743313],[121.079785596849,14.557267001276],[121.08023580013,14.557164482138],[121.080395799964,14.5571644803991],[121.081475796819,14.5567445026176],[121.082245794053,14.5564645146673],[121.083265793329,14.5561245295666],[121.084065788904,14.5557945455982],[121.085885784652,14.5551145788948]]]},"properties":{"barangay":"Bambang"}},{"type":"Feature","geometry":{"type":"Polygon","coordinates":[[[121.068705777033,14.5527248349523],[121.068595777428,14.5527048391869],[121.067995775582,14.5527048409259],[121.0674557794,14.5527048444039],[121.066615779151,14.5529148368039],[121.066025780944,14.5530748288091],[121.065305782142,14.5534048116274],[121.064905783905,14.5535848015733],[121.064835783585,14.5536148016224],[121.065255790896,14.5547347301065],[121.065415793425,14.5552246956726],[121.065575796852,14.5556546667059],[121.065755798573,14.5559946455747],[121.065915800204,14.5562246294231],[121.066045801697,14.5564246159772],[121.066295803738,14.556754592917],[121.066495805552,14.557124567924],[121.066626938024,14.5573937118008],[121.06662695599,14.5573937491882],[121.067065814447,14.558294489791],[121.067235816123,14.5588644543835],[121.067325815637,14.5587044622288],[121.067385815013,14.5585744702023],[121.067485813673,14.5584444780991],[121.067935810342,14.5579045101485],[121.067995810616,14.5578245150418],[121.068038155402,14.5577815760451],[121.068038184148,14.5577815456135],[121.068705804881,14.5571045551677],[121.06895580333,14.5568545707607],[121.069445801079,14.5564945891001],[121.06938579811,14.5561546127405],[121.069355797075,14.5560146227829],[121.069305795049,14.5556346468604],[121.069255793922,14.555274669296],[121.069235792034,14.5551146806246],[121.069175789963,14.5549146928833],[121.068975784556,14.5539047584117],[121.068705777033,14.5527248349523]]]},"properties":{"barangay":"Buting"}},{"type":"Feature","geometry":{"type":"Polygon","coordinates":[[[121.085923405198,14.5684319900547],[121.08591587013,14.5684337289198],[121.085565869427,14.5685737231672],[121.084675875237,14.5689837025794],[121.082025882878,14.5701336447301],[121.081415874698,14.5689237249158],[121.080885869579,14.567973789922],[121.080765868132,14.5677838019104],[121.080545866227,14.5675238197891],[121.080235865707,14.5672438385666],[121.079985863665,14.567083851621],[121.079835863878,14.5669938578263],[121.079465863083,14.5668138718656],[121.079315862397,14.5667538770924],[121.078845861146,14.5665438943879],[121.078625861038,14.566443900939],[121.078105859557,14.566223919365],[121.077825859175,14.5661039277422],[121.077745860606,14.5660839305811],[121.077685857636,14.5660639299404],[121.077151348364,14.5661821018441],[121.076205858951,14.5660539417916],[121.075845858203,14.5660439440785],[121.075195857924,14.5660539470083],[121.074615861559,14.5660839479699],[121.074095860977,14.566113949797],[121.073535861111,14.5661539493285],[121.073615862375,14.5664039336293],[121.073695865436,14.5667439115802],[121.073865869807,14.5676438532415],[121.074115878137,14.5687137834024],[121.074415886696,14.5703136784071],[121.074625892148,14.5709736371802],[121.074875895088,14.5716035963792],[121.075415902948,14.5727835170871],[121.075865906803,14.5734934692586],[121.076405910172,14.5741534245962],[121.077065915886,14.5748933729865],[121.078550830152,14.5763297592096],[121.078853173432,14.5759624411542],[121.079206204152,14.575194274571],[121.079505161682,14.5749557729319],[121.079869115916,14.5748302522848],[121.079870228929,14.5747017503667],[121.080201753981,14.5745117064262],[121.080927296287,14.5745337294139],[121.081535720737,14.5747475559831],[121.082063629188,14.5747358250653],[121.082460707002,14.5745945080148],[121.08253112414,14.5740810383773],[121.083092988909,14.5739571378135],[121.083090904818,14.5741980783585],[121.08396710358,14.5739643043664],[121.083302706002,14.5725934193274],[121.084477431103,14.5721693229369],[121.08515529263,14.5719821093783],[121.087502592264,14.5713610697821],[121.087107025417,14.570627378948],[121.085923405198,14.5684319900547]]]},"properties":{"barangay":"Caniogan"}},{"type":"Feature","geometry":{"type":"Polygon","coordinates":[[[121.094816208183,14.6212203144003],[121.095386205401,14.621140317092],[121.096136206136,14.621340300312],[121.096226204751,14.6210503167171],[121.096286204128,14.621010317601],[121.096356204448,14.6210203180327],[121.096526204327,14.6210603154085],[121.096726204344,14.6211003110385],[121.09708620599,14.6212802969337],[121.097266205915,14.6213702911297],[121.097776198367,14.6201003676867],[121.097776195672,14.6198203864179],[121.099926197422,14.6202703443744],[121.101346196731,14.6205703164128],[121.101946200374,14.6206803057099],[121.104046200996,14.621120264955],[121.105246201994,14.621220250947],[121.105266202085,14.621220250947],[121.105416199178,14.6211002571466],[121.105466200305,14.6210502602175],[121.105506198692,14.6210102628399],[121.105596200002,14.6209302671935],[121.105616199195,14.6209302671935],[121.105626201037,14.620920267627],[121.105686200413,14.6208802702258],[121.1057261988,14.6208802702258],[121.105776199028,14.6209102671909],[121.105796198222,14.6209302671935],[121.105806198267,14.6209402650211],[121.105866200338,14.6209902619753],[121.10588620043,14.6210102619706],[121.105896201374,14.6210102611014],[121.105906199623,14.6210202597946],[121.105966199898,14.6210502576098],[121.106016200126,14.6210702558613],[121.106086200447,14.6210902549802],[121.106186200006,14.6210902532417],[121.106276200417,14.6210502558714],[121.106326199748,14.6210102576245],[121.106346199839,14.6209902576292],[121.106376199976,14.6209502611098],[121.106436197556,14.6208402693403],[121.106446197602,14.6206702800552],[121.106446196703,14.6205202872017],[121.106416196566,14.6204002956266],[121.106336194404,14.6202503060656],[121.106306193368,14.6201303143431],[121.106306194266,14.6200503183762],[121.106326192561,14.6199603253778],[121.106386191937,14.6198703297347],[121.106486190598,14.6198003341604],[121.106576192806,14.6197503360661],[121.106586191056,14.6197403381844],[121.106636192183,14.6197103375826],[121.106656191376,14.6196603420755],[121.106646190432,14.6195803468068],[121.106596190203,14.6194903536157],[121.106566189167,14.6194103582851],[121.106566189167,14.6193903607517],[121.106556188223,14.6193403634334],[121.106576189213,14.6192703659517],[121.10666618693,14.6191203773576],[121.106736186352,14.618990383625],[121.106846186855,14.6188503918932],[121.106896186185,14.6187104000721],[121.106916183582,14.6185604102264],[121.106896182592,14.6184504181294],[121.10682618317,14.6184204199591],[121.106786182987,14.6184104202783],[121.106746182804,14.6184104202783],[121.106706181723,14.61837042242],[121.106696182576,14.6183504247919],[121.106676181586,14.618320426608],[121.106656179698,14.6182104343908],[121.106646181449,14.6181204397693],[121.106646181449,14.6181104409441],[121.106656180596,14.6181104409441],[121.106656180596,14.6180704421619],[121.106676181586,14.6180104465827],[121.10672617912,14.6179504492486],[121.106776177552,14.6179104521758],[121.106796180338,14.6178804548009],[121.10682617778,14.6178104577233],[121.106886178055,14.6177004643815],[121.106956176578,14.6175404741259],[121.107016175954,14.6173904852199],[121.107066176183,14.6172904914],[121.107096175422,14.6172204941344],[121.107126175559,14.6171404997156],[121.107186174037,14.617090501016],[121.107236174266,14.6170505046558],[121.107276174449,14.6170205062943],[121.107346173871,14.6170105074191],[121.107426173338,14.6170105074191],[121.107526171999,14.6170205036866],[121.107606174162,14.6170205054251],[121.107656172594,14.6169805055752],[121.107686171833,14.6169205105676],[121.107726172016,14.6168305154177],[121.107766172199,14.6167905181409],[121.107836171621,14.6167505208569],[121.107996169658,14.6166205265912],[121.108106169262,14.6165305321876],[121.108196169674,14.6164805350877],[121.108266169994,14.6164605364183],[121.108336170314,14.6164605346798],[121.108396169691,14.6164605346798],[121.108466169112,14.6164305362378],[121.10854616858,14.616390538019],[121.108626168048,14.6162705450574],[121.108696166571,14.6161105563682],[121.108756166846,14.6160205600173],[121.108806166176,14.615970565409],[121.108856166405,14.6159505640855],[121.108926165827,14.6159205655739],[121.108976165157,14.6158905679274],[121.109036165432,14.6158105721551],[121.109126164945,14.6157205774198],[121.109176164275,14.615680579941],[121.109236162753,14.6156705783971],[121.109336164109,14.6157005769428],[121.109456165556,14.615770572085],[121.10954616507,14.6157905699478],[121.109636164583,14.6157905682094],[121.109686163913,14.6157605714144],[121.109706164005,14.6157405726795],[121.109716164051,14.6157205739429],[121.109746164188,14.6156805755948],[121.109786162574,14.6155905816755],[121.109846162849,14.615510585794],[121.109966160703,14.61540059217],[121.110096160399,14.6152606007585],[121.110186159912,14.6151906045846],[121.110286161268,14.6151506061401],[121.11035616069,14.6151306082189],[121.110416161863,14.6151306073497],[121.110486160386,14.6151206083885],[121.110536159717,14.6151006087261],[121.110566159854,14.6150706100984],[121.110576159001,14.6150306133706],[121.110586159047,14.6149706160919],[121.110626158332,14.6148506232241],[121.110676157662,14.6146706346688],[121.110716156048,14.614540640911],[121.110776155425,14.6144606463858],[121.110786154572,14.6144406484018],[121.110836156597,14.6144206504161],[121.110896155075,14.6144406484018],[121.110976156339,14.6144906442275],[121.110996156431,14.6145006440866],[121.111036156614,14.6145306419229],[121.111126157026,14.614540640911],[121.111166155412,14.6145106430761],[121.111176154559,14.614470645377],[121.111186153707,14.6143806500929],[121.11122615389,14.6142906556412],[121.111236153935,14.6142806557724],[121.11127615322,14.6142106601557],[121.111346152642,14.6141306663796],[121.111496153328,14.6140906660036],[121.111576150999,14.6141006650117],[121.11163615307,14.6141406627781],[121.11172615438,14.6142106584172],[121.111776152812,14.6142406554238],[121.11180615295,14.6142406554238],[121.111846153133,14.6142506544251],[121.111906153407,14.6142206574198],[121.111936154443,14.6141906578027],[121.111976151931,14.6141206604188],[121.111996153819,14.6140206677186],[121.112016150317,14.6139006760705],[121.112036151307,14.6138206795738],[121.112076149693,14.6136806888942],[121.11210614983,14.6136006940559],[121.112136149069,14.6135506962892],[121.112166149206,14.6135107010232],[121.112206147593,14.6134707022729],[121.112256147821,14.6134407034227],[121.112326148142,14.6134307043846],[121.112396147564,14.6134407034227],[121.112436147746,14.6134307043846],[121.112516148112,14.6134207027382],[121.112596146682,14.6133907038812],[121.112636146865,14.613340710413],[121.112666147002,14.6132707118891],[121.112636146865,14.6131807169828],[121.112546145555,14.6130507266899],[121.112436145052,14.6129707333608],[121.112426145006,14.6129707333608],[121.112426145904,14.612870739268],[121.112456145143,14.6128507394009],[121.11246614429,14.6128407403359],[121.112496144428,14.6128307412705],[121.11256614385,14.6128207413353],[121.112576142997,14.6126607510036],[121.112600175626,14.6125325806302],[121.112606142236,14.6125007614246],[121.112626141429,14.6124207652875],[121.112636140577,14.6123907680325],[121.112656140668,14.6123107727247],[121.112666139815,14.6122807745854],[121.112696139054,14.6121807810479],[121.112696139054,14.6121707819525],[121.112706139998,14.6121307838276],[121.112706138202,14.6121007856637],[121.112736138339,14.6120507892943],[121.112766139375,14.6120007929136],[121.112796138613,14.6119507956522],[121.112826138751,14.6118807992934],[121.112836137898,14.6118208020241],[121.112816138705,14.6117508073623],[121.112816137807,14.6117208091466],[121.112796135919,14.6116308162134],[121.112796135919,14.6116208153544],[121.11277613942,14.6115908179902],[121.112726137395,14.6115508223675],[121.112616135993,14.6115408223741],[121.112516136434,14.6115508223675],[121.112426136023,14.6115508223675],[121.112326135565,14.6115508232367],[121.112256135245,14.611530824988],[121.112176134879,14.6114908267466],[121.112126136447,14.611420832849],[121.112086133569,14.6113708371943],[121.112016134147,14.6113308406623],[121.11192613643,14.6113008423892],[121.111836134222,14.6112508449686],[121.111756133856,14.6111708509844],[121.111716133673,14.6111108561291],[121.111696132683,14.611060857796],[121.111636132409,14.6110008611721],[121.111586131282,14.6109608645728],[121.111536131952,14.6109208670969],[121.111516130962,14.6108508738871],[121.111506130916,14.6108008763641],[121.111506130916,14.6107908772059],[121.111526131007,14.6107408814078],[121.111546131099,14.6107208813469],[121.111596131328,14.6106708837944],[121.111606129577,14.6106308853965],[121.111576130338,14.6105608903558],[121.111536128358,14.6104708986862],[121.111516129165,14.6104208975997],[121.111506128221,14.6103609034089],[121.111496128175,14.610300906594],[121.111466128038,14.6102409132398],[121.111416127809,14.6102109139487],[121.111406127764,14.6102009138943],[121.11129612726,14.6101509197006],[121.111276127169,14.6101109212081],[121.111286127215,14.6100709235775],[121.111306126408,14.6100209276157],[121.111326125601,14.610010928422],[121.111356128433,14.6099909274253],[121.111426126957,14.61000092662],[121.111516125572,14.610040923394],[121.111606126882,14.6100509225864],[121.111646125268,14.6100309233319],[121.111656127111,14.6099909274253],[121.111626126973,14.6099309313787],[121.111536126562,14.6098709353156],[121.111446122557,14.6098109392362],[121.111396124125,14.6097509431404],[121.111386124079,14.6097309438587],[121.111376124033,14.6096709486103],[121.111386124079,14.6095909540511],[121.111416123318,14.6095309587645],[121.111466124445,14.6094509624158],[121.111506121035,14.6093909662218],[121.111516121979,14.609320969917],[121.111466120852,14.6092509735899],[121.111436120714,14.6092409752304],[121.111336120257,14.6091909790798],[121.111236120698,14.6091709806164],[121.111206120561,14.6091409846564],[121.111166120378,14.6090709874027],[121.111166120378,14.6090609881657],[121.111156122128,14.6089809933845],[121.111166118581,14.6088909993296],[121.111166118581,14.6088810000844],[121.111156119434,14.6088410030994],[121.111146119388,14.6088010052377],[121.111056118976,14.6087210121005],[121.11097611861,14.6086310170698],[121.110836117071,14.6085010266939],[121.11081611698,14.6084810281677],[121.110786115046,14.6084710297732],[121.110716117421,14.6084110315732],[121.110686116385,14.608361036103],[121.110696116431,14.6083010396115],[121.11070611468,14.6082610433902],[121.11070611468,14.6082110470167],[121.11070611468,14.608151049615],[121.110706115578,14.6081410485977],[121.110696112838,14.6081410503362],[121.110676115441,14.6081010532165],[121.110676115441,14.6080910539355],[121.110646115304,14.6080610560895],[121.11056611404,14.6080610560895],[121.110516114709,14.6080910548047],[121.11049611372,14.6081110516278],[121.110436115242,14.6081610523704],[121.110356113978,14.6082310473061],[121.110346115728,14.6082410457115],[121.110226116078,14.6082610442595],[121.110096114585,14.6082410483193],[121.109996115026,14.6082210489002],[121.109916117355,14.6081810526643],[121.109906114614,14.6081510539614],[121.109896114568,14.6081210561237],[121.109886115421,14.6079710668736],[121.109856112589,14.6078410726303],[121.109826111553,14.6078010789332],[121.109786114065,14.6077910778999],[121.109716112847,14.6077910778999],[121.109646111628,14.6077610800131],[121.109616113287,14.6077210854321],[121.109596112298,14.6076810856281],[121.109596111399,14.6076310891228],[121.10957611041,14.607571092432],[121.109566110364,14.6075210976402],[121.109566110364,14.6075010981556],[121.109556111216,14.6075010981556],[121.109506111886,14.6074511016093],[121.109436110667,14.6074411022986],[121.109316111017,14.6074711019677],[121.109196111366,14.6075010998941],[121.109096110909,14.6074811021463],[121.108936111075,14.6073411117752],[121.108806109582,14.607161123155],[121.108676108988,14.6069411396646],[121.108646107054,14.6068811419163],[121.108626107861,14.6068411445674],[121.108616106917,14.606841146306],[121.108546108393,14.6068011480805],[121.108506106413,14.6067911496096],[121.108516108256,14.6069111434004],[121.108546109291,14.6070611333735],[121.1085261092,14.6071411271148],[121.108526108301,14.6071711250862],[121.108506110007,14.6072711191641],[121.108446110631,14.6073911118237],[121.108406112244,14.6075011042405],[121.108396112198,14.6075611009504],[121.108366112959,14.6076610948508],[121.108316115426,14.6077310899456],[121.108306112685,14.6078010867567],[121.108326114573,14.6079810748529],[121.108326114573,14.6081110672748],[121.108326114573,14.6082410578813],[121.108316118121,14.6083810494178],[121.108296118029,14.6084710462894],[121.108256118745,14.6085510386483],[121.108216117663,14.608601036683],[121.108146120038,14.6087510272418],[121.108136120891,14.6088210219896],[121.108126120845,14.6088910175843],[121.108106123448,14.609061008159],[121.108096121606,14.6091610022465],[121.108046124072,14.6092609954192],[121.108026123082,14.6093409900985],[121.108016123935,14.609410986397],[121.108016124833,14.6094909801524],[121.10804612497,14.6095909740443],[121.108076126006,14.6097709632828],[121.108106127042,14.609920952174],[121.10810612794,14.6100709427014],[121.108056127711,14.6102009347567],[121.107986130086,14.6103009291949],[121.107936130756,14.6103709251877],[121.107896130573,14.6105309145786],[121.107836132095,14.6106609072311],[121.107766131774,14.6107509023],[121.107706133297,14.6108208981495],[121.107596132794,14.6108608973821],[121.107446133904,14.6108908948459],[121.107266134877,14.6109108948913],[121.106976135347,14.6110508882046],[121.106866135742,14.6111108839456],[121.106776136229,14.6112008779609],[121.106696136761,14.6113208736909],[121.106526138679,14.6115308606278],[121.106446139211,14.611590857107],[121.106306138571,14.6116308535917],[121.106096139407,14.6116908543899],[121.105796141628,14.6119208409269],[121.105536142235,14.6121208290621],[121.105456143666,14.6121708262847],[121.1051361431,14.6122408242897],[121.104906144743,14.6123708176695],[121.104696145579,14.612420813966],[121.104506145608,14.6123908175803],[121.104396143309,14.6123508212339],[121.104226145226,14.6122908267007],[121.104146143962,14.6122608276894],[121.104036144357,14.6122308304126],[121.104026144311,14.6122208321887],[121.103966144037,14.6122008322624],[121.103916143808,14.6121808349421],[121.103616142436,14.6120408449564],[121.103206142357,14.6119208557043],[121.103046141625,14.6118808610109],[121.102336142869,14.6119308600267],[121.102256144299,14.6119708573188],[121.10223614331,14.612080850921],[121.102266145243,14.6121908435989],[121.102306145426,14.6122808371721],[121.102306145426,14.6123508342728],[121.102306145426,14.6123708315776],[121.102256146096,14.6124208296127],[121.102236144208,14.6124408277804],[121.102166145684,14.6125108230917],[121.102126147298,14.6125908183267],[121.102086148013,14.6126708144018],[121.102076147069,14.6127008142264],[121.102026147739,14.6127408096398],[121.101986147556,14.6127808076538],[121.101816148575,14.6128708035931],[121.101796147585,14.6128608053982],[121.10172614996,14.6128508063337],[121.101586148421,14.6128508045952],[121.101556148284,14.6128608062675],[121.101506149852,14.6129008033903],[121.10143615043,14.6130007966001],[121.101366151008,14.6131307886611],[121.101336150871,14.613180785654],[121.101286150642,14.6132207835878],[121.101276150596,14.6132207853264],[121.101206152073,14.6132907812584],[121.101096153366,14.6133507763879],[121.101016153,14.6133707770788],[121.100936154431,14.6133907760293],[121.100886152406,14.6134007759385],[121.100816152984,14.6133907768986],[121.100746152664,14.6133707788173],[121.100676153242,14.6133507807342],[121.10063615216,14.6133007829107],[121.10060615382,14.6132407877676],[121.10056615184,14.613150792849],[121.100536151703,14.6131007967186],[121.100476151429,14.6130507997074],[121.100376150971,14.6129708063784],[121.100296152402,14.6128808130878],[121.100226149387,14.6128308151573],[121.100056150406,14.6127408226787],[121.099916148867,14.6126808273827],[121.099816149308,14.6126308311453],[121.099696148759,14.6125708358192],[121.099646146734,14.6125108396076],[121.099606148347,14.6124508433795],[121.099576147312,14.6123908471351],[121.099536147129,14.6123508507887],[121.099476145956,14.6123308517435],[121.099406147432,14.6123308526128],[121.099246147599,14.6123608516145],[121.099186147324,14.6123908497429],[121.099146147141,14.6124108487826],[121.099076146821,14.6124208496057],[121.099046147582,14.6124008505668],[121.099046146684,14.6123908506121],[121.099026146592,14.6123508533965],[121.098996145557,14.612300857084],[121.09898614641,14.6122708563356],[121.098976146364,14.6122508598909],[121.098936146181,14.6122308617059],[121.098866145861,14.6122208626127],[121.098696145981,14.6122408616679],[121.098396146406,14.6122408651449],[121.098316146938,14.6122308669215],[121.098286146801,14.6121908688075],[121.09822614473,14.6120208789149],[121.098186145445,14.6119708833966],[121.098126145171,14.6119408852109],[121.098076144044,14.6119308861045],[121.098006144622,14.6119408869494],[121.097686146751,14.6120508796974],[121.097266146627,14.6121508793788],[121.096836147355,14.6122308747448],[121.09672614775,14.6122508737991],[121.095866147409,14.6123108752973],[121.095156131585,14.6095910531479],[121.094956129772,14.6096210516543],[121.09315613142,14.6094910714258],[121.092066131824,14.6094610807251],[121.092066132722,14.609711063665],[121.092096138249,14.610411018383],[121.09213613933,14.6110809769152],[121.092266156095,14.6132908351523],[121.092376164683,14.614700744615],[121.092516180594,14.6170905922862],[121.092616190933,14.6187304871985],[121.092666196552,14.6196004312459],[121.092816208916,14.6217502944192],[121.094066210142,14.621740287067],[121.094606209917,14.621710285],[121.094836207376,14.6216602873405],[121.094826208229,14.6214403009806],[121.094816208183,14.6212203144003]]]},"properties":{"barangay":"Dela Paz"}},{"type":"Feature","geometry":{"type":"Polygon","coordinates":[[[121.075195857924,14.5660539470083],[121.075845858203,14.5660439440785],[121.076205858951,14.5660539417916],[121.076115855844,14.565603970349],[121.076075853865,14.5651739969725],[121.076135853241,14.5650540030395],[121.076565849818,14.5646340289765],[121.077155842635,14.5635240946677],[121.077165841783,14.5634940985745],[121.077055840381,14.5634641007383],[121.076995842802,14.5634041050536],[121.076955841721,14.5633241102024],[121.076945840776,14.5632541149012],[121.076935841629,14.5632041170017],[121.076945839878,14.5631241229475],[121.076975839117,14.5630441279947],[121.076995839209,14.5629141359172],[121.077035837595,14.5627741441628],[121.077055838585,14.5626941490831],[121.077155835449,14.562524159225],[121.077265834155,14.5624241656922],[121.077415834842,14.5622441760018],[121.077535832696,14.5621041838222],[121.077615831265,14.5619241956094],[121.077645831402,14.5617442063804],[121.07763582956,14.5616142144063],[121.077605829422,14.5615442194318],[121.077545827351,14.5614842240944],[121.077465827884,14.561394228884],[121.077365828325,14.5613042362453],[121.077155828262,14.5612142427003],[121.076935826358,14.5611442510768],[121.076725826295,14.5611242508576],[121.076695827057,14.5611242508576],[121.076665826919,14.5611242525965],[121.07656582736,14.5610842547611],[121.076055826824,14.5611442554241],[121.075345828068,14.561234251606],[121.07483582843,14.5612642540927],[121.074245830223,14.5613242547068],[121.073985829033,14.5612742581088],[121.073435830111,14.5613242581846],[121.073395829928,14.5613342587201],[121.073267821796,14.5613632726168],[121.072645830989,14.5615042521036],[121.072675832922,14.561684240659],[121.072825835405,14.562094214622],[121.072985838832,14.5626941742973],[121.073135843111,14.5633541324023],[121.073412644593,14.5642623128861],[121.073455849067,14.56440406259],[121.073525853879,14.5651440150149],[121.073535861111,14.5661539493285],[121.074095860977,14.566113949797],[121.074615861559,14.5660839479699],[121.075195857924,14.5660539470083]]]},"properties":{"barangay":"Kapasigan"}},{"type":"Feature","geometry":{"type":"Polygon","coordinates":[[[121.065635895043,14.5709636918556],[121.066595889552,14.570213733617],[121.066125872131,14.5674439133761],[121.064285870901,14.5674039262507],[121.063435873301,14.567423931117],[121.063345872889,14.567423931117],[121.063295873559,14.5674239319864],[121.063165873863,14.5674339331147],[121.063165872964,14.5673339365917],[121.063145872873,14.5672239449719],[121.062995872187,14.5670639580119],[121.062745871043,14.5668839703696],[121.062575871164,14.5669639674071],[121.062305870827,14.5670439618074],[121.062135871846,14.5670639606203],[121.06198587116,14.5670539629529],[121.061795872087,14.5670039676539],[121.061355870075,14.5668639802348],[121.06090587161,14.5667239909878],[121.06086586963,14.5667039921441],[121.060835870391,14.5667039930136],[121.060315868911,14.566614003411],[121.06005586862,14.5665940054268],[121.059595867414,14.5665940071656],[121.059305869681,14.5666040083316],[121.059135871598,14.5666840037319],[121.059085871369,14.5667639973642],[121.059055871232,14.5668139961954],[121.059015872846,14.5669539879935],[121.058755872555,14.5669239906279],[121.05862587196,14.5669039944107],[121.058285872201,14.5669439929295],[121.058045872002,14.5669839905715],[121.057735873279,14.5670239908147],[121.057115874036,14.5671139889443],[121.056635873637,14.5671639885655],[121.056235875401,14.5672039896454],[121.05616587508,14.567203988776],[121.056125874897,14.5671939902456],[121.05606587642,14.567173990575],[121.05602587444,14.5671339955757],[121.055965874165,14.5670140018399],[121.055905872993,14.5668540138582],[121.055875872855,14.5667840179385],[121.055705872976,14.5668340141568],[121.055585874224,14.5668640158817],[121.055475873721,14.5668940132554],[121.055315873887,14.5669540105989],[121.055385874207,14.5670340050027],[121.055435874436,14.5671339999229],[121.055485875563,14.567213993392],[121.055545875837,14.567293988571],[121.055605876112,14.5673639825899],[121.055735876707,14.5675139716857],[121.056055879967,14.5678739484032],[121.056185880562,14.5680339373837],[121.056065881809,14.5681739292766],[121.055995880591,14.5682739236798],[121.055895883727,14.5684939092945],[121.055805885112,14.5686738999697],[121.055555885765,14.568593904422],[121.055465883556,14.5685839050852],[121.055385884987,14.5685939052914],[121.055295882779,14.5686239041686],[121.055195886813,14.5686639023754],[121.055105884605,14.5687338976982],[121.054825887815,14.5689238883688],[121.054509563156,14.5691654325835],[121.054275889791,14.5693438664326],[121.054145890095,14.5694538578641],[121.053122230184,14.5702063721908],[121.053046319848,14.5702352136433],[121.052790785082,14.5700414986116],[121.052394677449,14.5703476842302],[121.052105901424,14.5710337716515],[121.052615901961,14.5713137489301],[121.054235907574,14.5722236806714],[121.05466591044,14.5724636650144],[121.055015911142,14.5726236524026],[121.055554964992,14.5728727738624],[121.056205913891,14.5731736086528],[121.056715915325,14.5734135902225],[121.056193590802,14.57506230915],[121.05588593219,14.5760334287558],[121.055865933895,14.5764034035826],[121.056775943448,14.5775333282842],[121.056992119428,14.5778000790147],[121.057245944699,14.578113288993],[121.058345938951,14.5771933391551],[121.061045922556,14.5748634732057],[121.061895918359,14.5742135077741],[121.062915910448,14.5732935607814],[121.063995906405,14.5723736116874],[121.065635895043,14.5709636918556]]]},"properties":{"barangay":"Kapitolyo"}},{"type":"Feature","geometry":{"type":"Polygon","coordinates":[[[121.077085825247,14.5607042762671],[121.07727582432,14.5606742763125],[121.077425823209,14.5606842751385],[121.077515825418,14.5607142716139],[121.077565824748,14.5607542712553],[121.077745824673,14.5608142650523],[121.078355822972,14.5606042749535],[121.079345819415,14.5602542904316],[121.080675817414,14.5597743131654],[121.080615816242,14.5596043254044],[121.080545815023,14.5594343357735],[121.080515813988,14.5592243495779],[121.080515812191,14.5590043634112],[121.080995810793,14.5588243709303],[121.083285805099,14.5580044100879],[121.084657439113,14.5574891246074],[121.085095799005,14.5573244432389],[121.085215799554,14.5572744457344],[121.08646579539,14.5568244659452],[121.086143523884,14.5558845891754],[121.086105788354,14.5557745335907],[121.086085788262,14.5557345382633],[121.086065788171,14.5556645414234],[121.085885784652,14.5551145788948],[121.084065788904,14.5557945455982],[121.083265793329,14.5561245295666],[121.082245794053,14.5564645146673],[121.081475796819,14.5567445026176],[121.080395799964,14.5571644803991],[121.08023580013,14.557164482138],[121.079785596849,14.557267001276],[121.079225801799,14.5573944743313],[121.07798580511,14.5576944633725],[121.076715805588,14.5579944511362],[121.07583580875,14.5581744434248],[121.076085816181,14.5593443684193],[121.076235822257,14.5602143115667],[121.07629582343,14.5603443026269],[121.076345822761,14.5604642973834],[121.07656582736,14.5610842547611],[121.076635826782,14.5610642562754],[121.076665826021,14.56093426477],[121.076685825214,14.5607942717589],[121.07681582491,14.560764274425],[121.076945826403,14.5607342753481],[121.077085825247,14.5607042762671]]]},"properties":{"barangay":"Malinao"}},{"type":"Feature","geometry":{"type":"Polygon","coordinates":[[[121.108054564643,14.6053825307198],[121.106023957079,14.6053530392985],[121.106000650289,14.6043194601048],[121.105437933018,14.604314891112],[121.105719430892,14.6033620732194],[121.10650133799,14.602178455825],[121.106100740578,14.6020186307389],[121.104945445139,14.6017430720412],[121.104446642102,14.6017859920377],[121.104756253652,14.603182019622],[121.103675569585,14.6035803286574],[121.103085400698,14.6030275205725],[121.102575754098,14.6024597096191],[121.102096653811,14.6020800346023],[121.101712272785,14.6019046767855],[121.101955718024,14.6016404805847],[121.101915813062,14.6006693974332],[121.102495133894,14.6006114799604],[121.102331308136,14.5990913783855],[121.102106093308,14.5991052039156],[121.10197334836,14.597710615255],[121.102681681639,14.597606773578],[121.102716789597,14.5972625957733],[121.102402496029,14.5964145389197],[121.102229944036,14.595912098856],[121.101823825577,14.5959341336126],[121.100441366864,14.5958639608984],[121.100387075383,14.5951395743841],[121.100153845786,14.5951208403834],[121.09988306122,14.5934350450165],[121.098715042043,14.5935602212353],[121.098798223344,14.593939705794],[121.097880354431,14.594125840973],[121.097737312993,14.5931486036639],[121.097736223337,14.5931361782582],[121.097653600788,14.5931413116817],[121.097616300941,14.593142314025],[121.097585523761,14.5931424018279],[121.097465139632,14.5931502788725],[121.097344475228,14.593157725596],[121.097209875259,14.5931660686036],[121.097085428049,14.5931738308951],[121.096969894822,14.5931810359427],[121.096850611129,14.5931884765798],[121.096745758871,14.5931950165859],[121.096715005047,14.5931969325998],[121.096641695333,14.5932015061702],[121.096524299,14.5932088277078],[121.096417176699,14.5932155094147],[121.096308167038,14.5932223076124],[121.096189527437,14.5932297073894],[121.096080110838,14.5932365307972],[121.095961494593,14.5932439288351],[121.095897168931,14.593247456595],[121.095806564851,14.5932547607443],[121.095770867599,14.5932585136617],[121.095733752804,14.5932624786967],[121.09567961763,14.5932681476273],[121.095670859056,14.5932694333731],[121.095663524312,14.5931751914042],[121.095521622836,14.5931855956041],[121.095526547401,14.5932895854159],[121.095422380557,14.5933024020134],[121.095409561598,14.5931518775795],[121.09530509831,14.5931635849136],[121.095314354551,14.5933155811225],[121.095197161237,14.5933270137382],[121.095097506631,14.5933377526247],[121.094979907279,14.593349293906],[121.094872495721,14.5933582011042],[121.094770518969,14.5933667527444],[121.094648902351,14.5933782688136],[121.094538865017,14.5933862571245],[121.094423809694,14.5933939837656],[121.094316366694,14.5934004881228],[121.094201617697,14.5934078531204],[121.094096236331,14.5934140801596],[121.093975454247,14.5934210400473],[121.093866665572,14.5934280886066],[121.093756335387,14.5934361482011],[121.093656235216,14.5934420701034],[121.093529116417,14.5934519213944],[121.093413323577,14.5934596888919],[121.093294807943,14.5934683970082],[121.09319366932,14.5934769547294],[121.093071530781,14.5934853211969],[121.093019252425,14.5934885046968],[121.093013247187,14.5935818737208],[121.093115930014,14.5948555624149],[121.092717845189,14.5948892036775],[121.092856819055,14.5963476602212],[121.093292313322,14.5963696653773],[121.09336092844,14.597200345587],[121.091839405131,14.5979073459475],[121.09167163487,14.5975923715962],[121.091463118824,14.5976091146497],[121.091186323631,14.5989534881475],[121.08986605259,14.5972318723077],[121.088910316094,14.5970901524214],[121.087412826312,14.597207014133],[121.0824715856,14.5965934262115],[121.082456059119,14.597571895692],[121.082736064891,14.5985118337049],[121.082706076432,14.6000117383089],[121.082700191568,14.6002981376926],[121.082676085278,14.6014716456606],[121.082686086222,14.6018016246749],[121.082826088659,14.6022315952172],[121.082956089253,14.6025215766952],[121.083136091873,14.6027215638185],[121.083376092971,14.6028615527842],[121.083686092593,14.6030015442687],[121.084066094331,14.6030415379696],[121.084666092584,14.6029515397449],[121.085226091552,14.6027415489598],[121.085467717702,14.6025965797115],[121.085726089348,14.6024415647567],[121.086316085758,14.6020215889666],[121.086976083388,14.6015316153286],[121.087286079416,14.6011316396053],[121.087396078122,14.600861656385],[121.087646076571,14.6004316814259],[121.087976071792,14.599981708935],[121.088166069966,14.5997817201897],[121.088456070395,14.5996917241083],[121.088836070336,14.599681721837],[121.089066069592,14.5997117190874],[121.089396071101,14.5998917068503],[121.089756072748,14.6002216830191],[121.09000607479,14.6005416599378],[121.090176075567,14.6009316353888],[121.090176079161,14.6013116114282],[121.089956086239,14.6022615512628],[121.089516091413,14.6031114988938],[121.088856100072,14.6043114278571],[121.088126110208,14.6057213418897],[121.087476116217,14.6066412881059],[121.087336117374,14.6068412758288],[121.087586117619,14.6071012575973],[121.088236122389,14.6078012075862],[121.088616125924,14.6081711837782],[121.088696125391,14.6082411778413],[121.088756123869,14.6082611772586],[121.088866124372,14.6082111791466],[121.089886114665,14.6067312665655],[121.090106115671,14.606911253799],[121.090166116844,14.6069512502659],[121.090216115276,14.6069612495988],[121.090236115368,14.6069612495988],[121.0902661182,14.6069512511352],[121.092246111087,14.6064112725744],[121.092356117879,14.6073712122943],[121.092376118868,14.6075511981346],[121.092416122645,14.6080611673569],[121.092406122599,14.6081211630446],[121.092386123406,14.6082211566903],[121.092336124974,14.6084011461812],[121.092296124791,14.6085411376157],[121.092196127028,14.6088111209691],[121.092126129403,14.6089811107363],[121.092106129312,14.6090711047544],[121.092097004225,14.6091600590867],[121.092066131824,14.6094610807251],[121.09315613142,14.6094910714258],[121.094956129772,14.6096210516543],[121.095156131585,14.6095910531479],[121.095866147409,14.6123108752973],[121.09672614775,14.6122508737991],[121.096836147355,14.6122308747448],[121.097266146627,14.6121508793788],[121.097686146751,14.6120508796974],[121.098006144622,14.6119408869494],[121.098076144044,14.6119308861045],[121.098126145171,14.6119408852109],[121.098186145445,14.6119708833966],[121.09822614473,14.6120208789149],[121.098286146801,14.6121908688075],[121.098316146938,14.6122308669215],[121.098396146406,14.6122408651449],[121.098696145981,14.6122408616679],[121.098866145861,14.6122208626127],[121.098936146181,14.6122308617059],[121.098976146364,14.6122508598909],[121.09898614641,14.6122708563356],[121.098996145557,14.612300857084],[121.099026146592,14.6123508533965],[121.099046146684,14.6123908506121],[121.099046147582,14.6124008505668],[121.099076146821,14.6124208496057],[121.099146147141,14.6124108487826],[121.099186147324,14.6123908497429],[121.099246147599,14.6123608516145],[121.099406147432,14.6123308526128],[121.099476145956,14.6123308517435],[121.099536147129,14.6123508507887],[121.099576147312,14.6123908471351],[121.099606148347,14.6124508433795],[121.099646146734,14.6125108396076],[121.099696148759,14.6125708358192],[121.099816149308,14.6126308311453],[121.099916148867,14.6126808273827],[121.100056150406,14.6127408226787],[121.100226149387,14.6128308151573],[121.100296152402,14.6128808130878],[121.100376150971,14.6129708063784],[121.100476151429,14.6130507997074],[121.100536151703,14.6131007967186],[121.10056615184,14.613150792849],[121.10060615382,14.6132407877676],[121.10063615216,14.6133007829107],[121.100676153242,14.6133507807342],[121.100746152664,14.6133707788173],[121.100816152984,14.6133907768986],[121.100886152406,14.6134007759385],[121.100936154431,14.6133907760293],[121.101016153,14.6133707770788],[121.101096153366,14.6133507763879],[121.101206152073,14.6132907812584],[121.101276150596,14.6132207853264],[121.101286150642,14.6132207835878],[121.101336150871,14.613180785654],[121.101366151008,14.6131307886611],[121.10143615043,14.6130007966001],[121.101506149852,14.6129008033903],[121.101556148284,14.6128608062675],[121.101586148421,14.6128508045952],[121.10172614996,14.6128508063337],[121.101796147585,14.6128608053982],[121.101816148575,14.6128708035931],[121.101986147556,14.6127808076538],[121.102026147739,14.6127408096398],[121.102076147069,14.6127008142264],[121.102086148013,14.6126708144018],[121.102126147298,14.6125908183267],[121.102166145684,14.6125108230917],[121.102236144208,14.6124408277804],[121.102256146096,14.6124208296127],[121.102306145426,14.6123708315776],[121.102306145426,14.6123508342728],[121.102306145426,14.6122808371721],[121.102266145243,14.6121908435989],[121.10223614331,14.612080850921],[121.102256144299,14.6119708573188],[121.102336142869,14.6119308600267],[121.103046141625,14.6118808610109],[121.103206142357,14.6119208557043],[121.103616142436,14.6120408449564],[121.103916143808,14.6121808349421],[121.103966144037,14.6122008322624],[121.104026144311,14.6122208321887],[121.104036144357,14.6122308304126],[121.104146143962,14.6122608276894],[121.104226145226,14.6122908267007],[121.104396143309,14.6123508212339],[121.104506145608,14.6123908175803],[121.104696145579,14.612420813966],[121.104906144743,14.6123708176695],[121.1051361431,14.6122408242897],[121.105456143666,14.6121708262847],[121.105536142235,14.6121208290621],[121.105796141628,14.6119208409269],[121.106096139407,14.6116908543899],[121.106306138571,14.6116308535917],[121.106446139211,14.611590857107],[121.106526138679,14.6115308606278],[121.106696136761,14.6113208736909],[121.106776136229,14.6112008779609],[121.106866135742,14.6111108839456],[121.106976135347,14.6110508882046],[121.107266134877,14.6109108948913],[121.107446133904,14.6108908948459],[121.107596132794,14.6108608973821],[121.107706133297,14.6108208981495],[121.107766131774,14.6107509023],[121.107836132095,14.6106609072311],[121.107896130573,14.6105309145786],[121.107936130756,14.6103709251877],[121.107986130086,14.6103009291949],[121.108056127711,14.6102009347567],[121.10810612794,14.6100709427014],[121.108106127042,14.609920952174],[121.108076126006,14.6097709632828],[121.10804612497,14.6095909740443],[121.108016124833,14.6094909801524],[121.108016123935,14.609410986397],[121.108026123082,14.6093409900985],[121.108046124072,14.6092609954192],[121.108096121606,14.6091610022465],[121.108106123448,14.609061008159],[121.108126120845,14.6088910175843],[121.108136120891,14.6088210219896],[121.108146120038,14.6087510272418],[121.108216117663,14.608601036683],[121.108256118745,14.6085510386483],[121.108296118029,14.6084710462894],[121.108316118121,14.6083810494178],[121.108326114573,14.6082410578813],[121.108326114573,14.6081110672748],[121.108326114573,14.6079810748529],[121.108306112685,14.6078010867567],[121.108316115426,14.6077310899456],[121.108366112959,14.6076610948508],[121.108396112198,14.6075611009504],[121.108406112244,14.6075011042405],[121.108446110631,14.6073911118237],[121.108506110007,14.6072711191641],[121.108526108301,14.6071711250862],[121.1085261092,14.6071411271148],[121.108546109291,14.6070611333735],[121.108516108256,14.6069111434004],[121.108506106413,14.6067911496096],[121.108406105956,14.606761150717],[121.108276105361,14.606661159015],[121.10818610495,14.6065711648797],[121.108186104051,14.6064411741551],[121.108196104097,14.6063811780089],[121.108196104097,14.6063711786496],[121.108226103336,14.6062211873365],[121.108266102621,14.6060911946664],[121.108316101053,14.6059012073808],[121.108316100154,14.6058312125728],[121.108346100292,14.6057612160038],[121.108366100383,14.6056412241933],[121.108316099256,14.6055612290371],[121.108196098707,14.6054912332515],[121.108106098295,14.6054512373883],[121.108054564643,14.6053825307198]]]},"properties":{"barangay":"Manggahan"}},{"type":"Feature","geometry":{"type":"Polygon","coordinates":[[[121.092405947427,14.5807529049007],[121.092491400567,14.5808031691977],[121.092575946408,14.580852897943],[121.094095945277,14.580672900697],[121.094225945871,14.5807028970604],[121.095505946336,14.5809128758373],[121.096615946922,14.5810928581077],[121.10076916301,14.5752420788487],[121.101385902266,14.5743732556739],[121.100576476178,14.5726454156237],[121.099155062921,14.5710414729942],[121.098579388351,14.5703821430184],[121.098401226379,14.5699737511714],[121.098129356648,14.5699007654142],[121.097840232975,14.5697214825852],[121.097026599178,14.5692725323824],[121.096506695614,14.5691444454196],[121.096228399336,14.5691421814245],[121.095629408992,14.569084221751],[121.095084458602,14.569079781572],[121.094776261001,14.5690064973042],[121.094759919747,14.5687940466914],[121.094871493201,14.5684941718631],[121.095074650795,14.5681065777244],[121.095075862623,14.567913706782],[121.094315863638,14.5679337107326],[121.093498246711,14.5686710569283],[121.093062044572,14.5688579742148],[121.092189455241,14.5692529676151],[121.0915153334,14.5693109576742],[121.090731838081,14.5694527058713],[121.090362457124,14.5694496889542],[121.089754794445,14.5693600691102],[121.089301965389,14.5689542558396],[121.088764412624,14.5682937832718],[121.088505864011,14.56762376406],[121.088285863903,14.5676837629437],[121.087785866107,14.5678437546705],[121.086045868928,14.5684037317556],[121.085923405198,14.5684319900547],[121.087107025417,14.570627378948],[121.087502592264,14.5713610697821],[121.08515529263,14.5719821093783],[121.084477431103,14.5721693229369],[121.083302706002,14.5725934193274],[121.08396710358,14.5739643043664],[121.083090904818,14.5741980783585],[121.083092988909,14.5739571378135],[121.08253112414,14.5740810383773],[121.082460707002,14.5745945080148],[121.082063629188,14.5747358250653],[121.081535720737,14.5747475559831],[121.080927296287,14.5745337294139],[121.080201753981,14.5745117064262],[121.079870228929,14.5747017503667],[121.079869115916,14.5748302522848],[121.079505161682,14.5749557729319],[121.079206204152,14.575194274571],[121.078853173432,14.5759624411542],[121.078550830152,14.5763297592096],[121.078905926099,14.5766732472677],[121.079725930748,14.5774831910424],[121.080755939053,14.5788530980232],[121.081545948056,14.5802230051792],[121.082035954789,14.581342932397],[121.082415961019,14.5824328604048],[121.082415961918,14.5824528586905],[121.082425962862,14.5824728569744],[121.082722147292,14.583394874737],[121.083812825116,14.5830314841274],[121.083885442229,14.5833248458189],[121.084789503138,14.5830687707469],[121.084660182568,14.5823797084075],[121.087432144583,14.581907304667],[121.090665952943,14.5816728581303],[121.091866087789,14.581662848085],[121.092405947427,14.5807529049007]]]},"properties":{"barangay":"Maybunga"}},{"type":"Feature","geometry":{"type":"Polygon","coordinates":[[[121.068005957088,14.580533068017],[121.068795947227,14.5792231463601],[121.06895717865,14.5789039782828],[121.06869027301,14.5784716678418],[121.068537085101,14.5780680465746],[121.068541801256,14.5775269877743],[121.06865733089,14.5773475772622],[121.068745581383,14.577029196751],[121.068733513416,14.5767793601272],[121.068567290054,14.5762368879925],[121.068469026938,14.5760695845979],[121.068245221567,14.5755960066708],[121.068235922207,14.5752334056572],[121.068305916239,14.5743334602061],[121.066975917342,14.5742534736678],[121.067025910384,14.573393529388],[121.06701590944,14.5730135529801],[121.066985904811,14.5725535818063],[121.06690590175,14.5721836066019],[121.066595889552,14.570213733617],[121.065635895043,14.5709636918556],[121.063995906405,14.5723736116874],[121.062915910448,14.5732935607814],[121.061895918359,14.5742135077741],[121.061045922556,14.5748634732057],[121.063155937597,14.5772833053116],[121.063675941773,14.5778932634246],[121.063755944833,14.5785332217241],[121.063785953055,14.5798731361356],[121.065245951649,14.5798431292265],[121.066065951807,14.5798131266603],[121.066325951199,14.5798231237488],[121.066645952663,14.5798831167031],[121.067165953245,14.5800831026626],[121.067795955229,14.5804230768993],[121.068005957088,14.580533068017]]]},"properties":{"barangay":"Oranbo"}},{"type":"Feature","geometry":{"type":"Polygon","coordinates":[[[121.090095840741,14.5640439836988],[121.09038822979,14.563846509809],[121.090561360298,14.5636500225698],[121.090702958143,14.5634285418812],[121.090774395767,14.5632435936504],[121.090775565374,14.5631075459465],[121.090720021642,14.562921561057],[121.090526071778,14.5625860218703],[121.090425305956,14.5624801412788],[121.09029582908,14.5623440913651],[121.089966226422,14.5619471032241],[121.08986564206,14.5619340222261],[121.089650412904,14.5620793781978],[121.089359877978,14.5621995998082],[121.08874273987,14.5622435952045],[121.088265209838,14.562153875922],[121.087930020557,14.5601528403851],[121.087565344976,14.5601130797375],[121.087333715279,14.5592407634106],[121.086062330555,14.559254882714],[121.085442664587,14.5595930771048],[121.085235524761,14.5590504018289],[121.083945812609,14.5595243091774],[121.083605251404,14.5596871091161],[121.083806941151,14.5602299471546],[121.084018047938,14.560798126087],[121.083842765965,14.5612104848897],[121.083787763917,14.5617494500872],[121.083783211255,14.5622765693575],[121.082720371323,14.5629176102566],[121.082186778332,14.563489429617],[121.082083969741,14.563733774201],[121.082120034405,14.5639302213709],[121.082345523219,14.5640546648902],[121.082457102063,14.5642517308219],[121.082416376939,14.5645946621272],[121.08215585293,14.5655039399572],[121.082395313242,14.5655752447962],[121.082719905097,14.565884391853],[121.083019431261,14.5661810750337],[121.083420706902,14.5663559970187],[121.083684912206,14.5663704219097],[121.083886504038,14.5663475556183],[121.084102904596,14.5660673616276],[121.084205395184,14.5658597892341],[121.084346913977,14.5655054249677],[121.08434934931,14.5652234779749],[121.084429312845,14.5647092353066],[121.084597271752,14.5642079731858],[121.084711816832,14.5640617978564],[121.085077237116,14.5640157543987],[121.085492050369,14.5640804458149],[121.086032935883,14.5641216516419],[121.086434424424,14.5642720515842],[121.08684881457,14.5643857780884],[121.087338089176,14.5645736719199],[121.087582778581,14.5647659676015],[121.087785845446,14.564723955048],[121.088075844976,14.5646939547708],[121.088335845267,14.5645839600952],[121.089095841557,14.5642739774137],[121.089405841178,14.5641939794002],[121.089915840816,14.5640839827363],[121.090095840741,14.5640439836988]]]},"properties":{"barangay":"Palatiw"}},{"type":"Feature","geometry":{"type":"Polygon","coordinates":[[[121.101154109974,14.5535048866328],[121.101604084184,14.5528652460929],[121.102189804614,14.5524696086127],[121.103394924212,14.5517453368156],[121.104153042125,14.5512176298188],[121.104942751989,14.5500336757506],[121.106267778712,14.5482652083722],[121.108065095593,14.5463778991979],[121.108277062067,14.5460880916442],[121.108550304424,14.5457145061422],[121.108592227001,14.5448139707116],[121.10815746576,14.543575927947],[121.106628372348,14.5421288435761],[121.105126436804,14.5415161136038],[121.100571891177,14.5413791212301],[121.098412932325,14.5414950629423],[121.09705569561,14.5420653422073],[121.096318272187,14.5426476160936],[121.096326579806,14.5430468223458],[121.096291524849,14.5432486685933],[121.096243568288,14.5435247891127],[121.09618132492,14.5435977992468],[121.095752555441,14.5441007411578],[121.095530255646,14.5443809230436],[121.095293528908,14.5444987326629],[121.095087611688,14.5446077556548],[121.094874926562,14.5446537214266],[121.094265739442,14.5484949481165],[121.093745747843,14.5499048637526],[121.093118354567,14.5514800918411],[121.093118334804,14.5514801414026],[121.092825760702,14.5522147210815],[121.092695764599,14.5524547063291],[121.092485765435,14.5526046968676],[121.092415766014,14.5526446953708],[121.092325765602,14.5527046931118],[121.092155766621,14.5527046922423],[121.09185576435,14.5525547043802],[121.091854326148,14.5525539687873],[121.091385763099,14.5523147227194],[121.090425763199,14.5520447466257],[121.089755762829,14.5519747555714],[121.089285761578,14.5520247542767],[121.088905764331,14.5521547484226],[121.088615764801,14.552354736926],[121.088355768103,14.552794711865],[121.088235772046,14.5532646816761],[121.088175773568,14.5534346725822],[121.088145774329,14.553574663307],[121.088135775182,14.5535846615853],[121.0880957741,14.5536846556465],[121.08804577477,14.5537946488007],[121.087985776292,14.5539146419023],[121.087925775119,14.5539946384265],[121.087855776596,14.5540646340572],[121.087755777935,14.5541246314122],[121.087655779274,14.554184627012],[121.087525777781,14.5542546225824],[121.087365779744,14.5543346189833],[121.087205780809,14.5544446118136],[121.086985779803,14.5546146044193],[121.086755782344,14.5548145941716],[121.086565783271,14.5549745830605],[121.086465784611,14.5550945763901],[121.086365784153,14.5552145687849],[121.086255786345,14.5553645600562],[121.086065788171,14.5556645414234],[121.086085788262,14.5557345382633],[121.086105788354,14.5557745335907],[121.086143523884,14.5558845891754],[121.08646579539,14.5568244659452],[121.085215799554,14.5572744457344],[121.085095799005,14.5573244432389],[121.084657439113,14.5574891246074],[121.085235524761,14.5590504018289],[121.085442664587,14.5595930771048],[121.086062330555,14.559254882714],[121.087333715279,14.5592407634106],[121.087565344976,14.5601130797375],[121.087930020557,14.5601528403851],[121.088265209838,14.562153875922],[121.08874273987,14.5622435952045],[121.089359877978,14.5621995998082],[121.089650412904,14.5620793781978],[121.08986564206,14.5619340222261],[121.089966226422,14.5619471032241],[121.090413396991,14.561835376956],[121.090929894143,14.561522648135],[121.091227629964,14.5607577360647],[121.092594809233,14.561102516061],[121.092246559347,14.5617669296885],[121.092451207246,14.5618686893894],[121.093168479661,14.5621080763834],[121.094095826699,14.5621840773894],[121.094125825938,14.5620840837024],[121.094135824187,14.5619440914211],[121.094195823563,14.5617341058758],[121.094315821417,14.5614841206286],[121.094415820976,14.561304130171],[121.094515819637,14.5611141442383],[121.09464582113,14.561304130171],[121.094875820385,14.5613741252217],[121.095375821774,14.5615341110928],[121.095835821183,14.5616840989371],[121.097915825308,14.5622940489171],[121.098015824867,14.5623240434346],[121.098005824821,14.5622940471781],[121.097955824593,14.5621840547834],[121.097865824181,14.5621240587506],[121.097755821881,14.5620640627014],[121.097615823037,14.5619840699725],[121.097505823433,14.5619340726547],[121.097365821894,14.5618440793667],[121.097245821345,14.5617440863951],[121.097135820842,14.5616440942476],[121.09697582011,14.5613441140552],[121.096855817764,14.5611241282636],[121.09674581816,14.5609541398039],[121.096675816941,14.560824149103],[121.096515815311,14.5605941648325],[121.096485813377,14.5605141715706],[121.096465814184,14.5604841715902],[121.096435814047,14.5604141771266],[121.096405813011,14.5603341829299],[121.096355811884,14.5601841924288],[121.096345811838,14.5601741918411],[121.096325811747,14.5599842040657],[121.096375810179,14.5598442130602],[121.096445809601,14.5597342185744],[121.096695808049,14.5595442304201],[121.097065807047,14.5592942444301],[121.09735580478,14.5590842563622],[121.09762580332,14.5589142645916],[121.097885803611,14.5587542716036],[121.098055801694,14.5586442783133],[121.098155800355,14.5585342858376],[121.098175800446,14.5583742960518],[121.098145797614,14.5581843075958],[121.098115796579,14.558114313272],[121.098055796304,14.5579843217673],[121.09799579603,14.5577943338449],[121.097975795938,14.5577543362752],[121.097945794004,14.5575043526044],[121.097925793014,14.5572843655922],[121.09791579207,14.5570443829884],[121.097885790137,14.5568243963869],[121.097915789375,14.5565844124134],[121.097975785158,14.5562744324018],[121.0981157849,14.5560044472405],[121.098205784414,14.5558544564042],[121.098295782131,14.5556344686165],[121.098305782176,14.5556044705809],[121.098325779573,14.5554044841529],[121.098305781278,14.5552744927907],[121.098295779436,14.5552244948216],[121.098275779344,14.5550745060637],[121.09819577808,14.5548945173327],[121.09813577511,14.5546545329992],[121.098125775963,14.5545745375837],[121.098011832754,14.5536820923879],[121.098189662349,14.5535673308882],[121.098223327613,14.5535501853914],[121.098588331079,14.5534042021136],[121.098814331933,14.5533472103967],[121.099294369163,14.5532493838271],[121.099491690404,14.5532437582111],[121.099804616736,14.553367673021],[121.100096191911,14.5534696165806],[121.100315325145,14.5535462326842],[121.100570101733,14.5536069301205],[121.100814323116,14.5536042390458],[121.101154109974,14.5535048866328]]]},"properties":{"barangay":"Pinagbuhatan"}},{"type":"Feature","geometry":{"type":"Polygon","coordinates":[[[121.054145890095,14.5694538578641],[121.054275889791,14.5693438664326],[121.054509563156,14.5691654325835],[121.054825887815,14.5689238883688],[121.055105884605,14.5687338976982],[121.055195886813,14.5686639023754],[121.055295882779,14.5686239041686],[121.055385884987,14.5685939052914],[121.055465883556,14.5685839050852],[121.055555885765,14.568593904422],[121.055805885112,14.5686738999697],[121.055895883727,14.5684939092945],[121.055995880591,14.5682739236798],[121.056065881809,14.5681739292766],[121.056185880562,14.5680339373837],[121.056055879967,14.5678739484032],[121.055735876707,14.5675139716857],[121.055605876112,14.5673639825899],[121.055545875837,14.567293988571],[121.055485875563,14.567213993392],[121.055435874436,14.5671339999229],[121.055385874207,14.5670340050027],[121.055315873887,14.5669540105989],[121.055475873721,14.5668940132554],[121.055585874224,14.5668640158817],[121.055705872976,14.5668340141568],[121.055875872855,14.5667840179385],[121.055905872993,14.5668540138582],[121.055965874165,14.5670140018399],[121.05602587444,14.5671339955757],[121.05606587642,14.567173990575],[121.056125874897,14.5671939902456],[121.05616587508,14.567203988776],[121.056235875401,14.5672039896454],[121.056635873637,14.5671639885655],[121.057115874036,14.5671139889443],[121.057735873279,14.5670239908147],[121.058045872002,14.5669839905715],[121.058285872201,14.5669439929295],[121.05862587196,14.5669039944107],[121.058755872555,14.5669239906279],[121.059015872846,14.5669539879935],[121.059055871232,14.5668139961954],[121.059085871369,14.5667639973642],[121.059135871598,14.5666840037319],[121.059305869681,14.5666040083316],[121.059595867414,14.5665940071656],[121.06005586862,14.5665940054268],[121.060315868911,14.566614003411],[121.060835870391,14.5667039930136],[121.06086586963,14.5667039921441],[121.06090587161,14.5667239909878],[121.061355870075,14.5668639802348],[121.061795872087,14.5670039676539],[121.06198587116,14.5670539629529],[121.062135871846,14.5670639606203],[121.062305870827,14.5670439618074],[121.062575871164,14.5669639674071],[121.062745871043,14.5668839703696],[121.062995872187,14.5670639580119],[121.063145872873,14.5672239449719],[121.063165872964,14.5673339365917],[121.063165873863,14.5674339331147],[121.063295873559,14.5674239319864],[121.063345872889,14.567423931117],[121.063435873301,14.567423931117],[121.064285870901,14.5674039262507],[121.066125872131,14.5674439133761],[121.065745858715,14.5653640463552],[121.065435847415,14.5634441720245],[121.065435847415,14.5632441857479],[121.065285841339,14.5624842338083],[121.065135836162,14.5618342770909],[121.065065834943,14.56135430761],[121.065005831075,14.5609343351964],[121.063655832985,14.5611843271529],[121.063155833393,14.5613243216552],[121.062785834395,14.5614643151993],[121.062395837103,14.5617243001172],[121.061955839582,14.5621242769844],[121.06153584305,14.5626642459087],[121.061025847006,14.5631342190412],[121.060415849605,14.5635741950899],[121.059435854106,14.5642641569874],[121.058375859138,14.564804127628],[121.057475862208,14.5651041152864],[121.056715861426,14.5652941073459],[121.055725864983,14.5655440978382],[121.055025866272,14.5658140826261],[121.054575868706,14.5660040749433],[121.05400587059,14.5663540564269],[121.053422135437,14.5666866337862],[121.053145873842,14.5668440309617],[121.052325877278,14.5673340052772],[121.051885879757,14.5676539873835],[121.051645881354,14.5678039771515],[121.051445882236,14.5679539694257],[121.051165882752,14.5681439598989],[121.050805884698,14.5682939528113],[121.050335884345,14.5684139475894],[121.049975885393,14.5684739471275],[121.049445886562,14.5685039468904],[121.04885588566,14.5684639530018],[121.048195885336,14.5683939628099],[121.047575886991,14.5683239699874],[121.046975886043,14.5682839760661],[121.046615886193,14.5682839786744],[121.046435887166,14.5683139775938],[121.046195886967,14.568383975636],[121.046625888934,14.5686439558735],[121.050265901093,14.5708637917007],[121.050465902008,14.5707637967334],[121.050665900227,14.5706838010747],[121.05067590207,14.5706838010747],[121.050765898888,14.5706338039906],[121.050815899117,14.5706038071258],[121.050975899849,14.5705638084016],[121.051105898647,14.5705838051563],[121.051425899212,14.5706837958581],[121.051575899,14.5707437921702],[121.051845901134,14.5708637830065],[121.052105901424,14.5710337716515],[121.052394677449,14.5703476842302],[121.052790785082,14.5700414986116],[121.053046319848,14.5702352136433],[121.053122230184,14.5702063721908],[121.054145890095,14.5694538578641]]]},"properties":{"barangay":"Pineda"}},{"type":"Feature","geometry":{"type":"Polygon","coordinates":[[[121.111836121646,14.5990669663777],[121.111926055582,14.5990116242541],[121.111986054958,14.5989616257777],[121.112006054151,14.5989416281225],[121.111986053162,14.598921628727],[121.111896055445,14.5988216360684],[121.11176605485,14.5987416419089],[121.110576049407,14.5979517001946],[121.109666046143,14.5974117386565],[121.109636046005,14.597401740628],[121.109516044558,14.5973317465922],[121.109516044558,14.5973217468215],[121.109506045411,14.5973017464093],[121.109516044558,14.5972717488303],[121.1095260464,14.5972617490569],[121.10963604331,14.597091759793],[121.109926041044,14.5966417856863],[121.110026038806,14.5964717976821],[121.110046038898,14.5964218012365],[121.110036038852,14.5963818019854],[121.109726037434,14.5961518191903],[121.109656037114,14.5960418245747],[121.109676036307,14.5957818436421],[121.109736033886,14.5954418661736],[121.109776031374,14.5953718689064],[121.109816031557,14.5952918726231],[121.109966031345,14.5950218891905],[121.110026028925,14.5948519008042],[121.110146028575,14.594751906296],[121.110276027373,14.5946119139082],[121.110376026034,14.5943119333974],[121.110436023614,14.5941619408154],[121.110476022,14.5938619596912],[121.110486020249,14.5933619922706],[121.110506019442,14.5932020016911],[121.110616014556,14.5925820407916],[121.110656012942,14.5923720548873],[121.110706012272,14.5921920653195],[121.110736010613,14.5921020696111],[121.11081601008,14.5919020841357],[121.11094600798,14.5916121008311],[121.11096111944,14.5915736385703],[121.111056005788,14.5913321180571],[121.111166003597,14.5910421366096],[121.111156002653,14.5909321429173],[121.110966002682,14.5908021516445],[121.110826002041,14.5906721602949],[121.110686001401,14.5905321713973],[121.110516000623,14.5904621769152],[121.11040600012,14.590382183194],[121.110245999388,14.5902521907271],[121.110145998931,14.59013220002],[121.109995998245,14.5899522129673],[121.109815995625,14.5896422329403],[121.109675994086,14.5894422469686],[121.109595994618,14.589312257424],[121.109575993629,14.5892822578865],[121.1095259934,14.5892222614074],[121.1095259934,14.5892122630069],[121.109495990568,14.5891122694138],[121.109445992136,14.5889422808097],[121.109425991146,14.5887922906537],[121.109405990156,14.5886922960005],[121.109245989424,14.5884223149043],[121.109065985007,14.5880723345697],[121.108869615083,14.5877450769163],[121.102445098631,14.5891825077434],[121.097006001707,14.5897023084156],[121.09567600281,14.5898323081621],[121.094956004008,14.5899023080607],[121.09413600385,14.5899723079369],[121.093436006038,14.5900423069216],[121.093226005976,14.5900623079936],[121.092826005943,14.5901023083933],[121.093515989336,14.5874524713692],[121.094165977936,14.5856825810371],[121.094675966794,14.5841426746695],[121.096615946922,14.5810928581077],[121.095505946336,14.5809128758373],[121.094225945871,14.5807028970604],[121.094095945277,14.580672900697],[121.092575946408,14.580852897943],[121.092491400567,14.5808031691977],[121.092405947427,14.5807529049007],[121.091866087789,14.581662848085],[121.090665952943,14.5816728581303],[121.087432144583,14.581907304667],[121.084660182568,14.5823797084075],[121.084789503138,14.5830687707469],[121.083885442229,14.5833248458189],[121.083812825116,14.5830314841274],[121.082722147292,14.583394874737],[121.083485982083,14.5857726402254],[121.083565986941,14.5866525853761],[121.083565994127,14.587302542792],[121.083505997446,14.5878625069328],[121.083416003323,14.5888524446027],[121.083076013446,14.5902623568642],[121.08290601716,14.5909823118709],[121.082696023385,14.5920722460604],[121.082666026841,14.5926822049371],[121.082666025943,14.5926922049187],[121.082636031196,14.5931421784088],[121.082576039905,14.594642081369],[121.082476052024,14.5963119754043],[121.0824715856,14.5965934262115],[121.087412826312,14.597207014133],[121.088910316094,14.5970901524214],[121.08986605259,14.5972318723077],[121.091186323631,14.5989534881475],[121.091463118824,14.5976091146497],[121.09167163487,14.5975923715962],[121.091839405131,14.5979073459475],[121.09336092844,14.597200345587],[121.093292313322,14.5963696653773],[121.092856819055,14.5963476602212],[121.092717845189,14.5948892036775],[121.093115930014,14.5948555624149],[121.093013247187,14.5935818737208],[121.093019252425,14.5934885046968],[121.093071530781,14.5934853211969],[121.09319366932,14.5934769547294],[121.093294807943,14.5934683970082],[121.093413323577,14.5934596888919],[121.093529116417,14.5934519213944],[121.093656235216,14.5934420701034],[121.093756335387,14.5934361482011],[121.093866665572,14.5934280886066],[121.093975454247,14.5934210400473],[121.094096236331,14.5934140801596],[121.094201617697,14.5934078531204],[121.094316366694,14.5934004881228],[121.094423809694,14.5933939837656],[121.094538865017,14.5933862571245],[121.094648902351,14.5933782688136],[121.094770518969,14.5933667527444],[121.094872495721,14.5933582011042],[121.094979907279,14.593349293906],[121.095097506631,14.5933377526247],[121.095197161237,14.5933270137382],[121.095314354551,14.5933155811225],[121.09530509831,14.5931635849136],[121.095409561598,14.5931518775795],[121.095422380557,14.5933024020134],[121.095526547401,14.5932895854159],[121.095521622836,14.5931855956041],[121.095663524312,14.5931751914042],[121.095670859056,14.5932694333731],[121.09567961763,14.5932681476273],[121.095733752804,14.5932624786967],[121.095770867599,14.5932585136617],[121.095806564851,14.5932547607443],[121.095897168931,14.593247456595],[121.095961494593,14.5932439288351],[121.096080110838,14.5932365307972],[121.096189527437,14.5932297073894],[121.096308167038,14.5932223076124],[121.096417176699,14.5932155094147],[121.096524299,14.5932088277078],[121.096641695333,14.5932015061702],[121.096715005047,14.5931969325998],[121.096745758871,14.5931950165859],[121.096850611129,14.5931884765798],[121.096969894822,14.5931810359427],[121.097085428049,14.5931738308951],[121.097209875259,14.5931660686036],[121.097344475228,14.593157725596],[121.097465139632,14.5931502788725],[121.097585523761,14.5931424018279],[121.097616300941,14.593142314025],[121.097653600788,14.5931413116817],[121.097736223337,14.5931361782582],[121.097737312993,14.5931486036639],[121.097880354431,14.594125840973],[121.098798223344,14.593939705794],[121.098715042043,14.5935602212353],[121.09988306122,14.5934350450165],[121.100153845786,14.5951208403834],[121.100387075383,14.5951395743841],[121.100441366864,14.5958639608984],[121.101823825577,14.5959341336126],[121.102229944036,14.595912098856],[121.102402496029,14.5964145389197],[121.102716789597,14.5972625957733],[121.102681681639,14.597606773578],[121.10197334836,14.597710615255],[121.102106093308,14.5991052039156],[121.102331308136,14.5990913783855],[121.102495133894,14.6006114799604],[121.101915813062,14.6006693974332],[121.101955718024,14.6016404805847],[121.101712272785,14.6019046767855],[121.102096653811,14.6020800346023],[121.102575754098,14.6024597096191],[121.103085400698,14.6030275205725],[121.103675569585,14.6035803286574],[121.104756253652,14.603182019622],[121.104446642102,14.6017859920377],[121.104945445139,14.6017430720412],[121.106100740578,14.6020186307389],[121.10650133799,14.602178455825],[121.105719430892,14.6033620732194],[121.105437933018,14.604314891112],[121.106000650289,14.6043194601048],[121.106023957079,14.6053530392985],[121.108054564643,14.6053825307198],[121.108046098021,14.6053712430322],[121.108046098021,14.6053112465941],[121.108196096911,14.6051712539721],[121.108506095634,14.6049412673279],[121.108736093991,14.6047912750393],[121.108826091707,14.6047012810079],[121.108916092119,14.6045612879976],[121.108916093017,14.6045512894248],[121.108926093063,14.6045312914087],[121.108936092211,14.6045212919652],[121.108936092211,14.6045012922078],[121.108986090643,14.6043013049643],[121.10906609011,14.6041113170016],[121.10919608801,14.6039613258854],[121.109346088696,14.6038713297758],[121.109456087403,14.6037813362371],[121.109456087403,14.6037413391936],[121.109476086596,14.6035913469558],[121.109446084662,14.6034713548305],[121.109386084388,14.6031613755948],[121.109316079576,14.6029413898414],[121.109196080824,14.6028213991],[121.109116079559,14.6027014074239],[121.109076080275,14.6025414166819],[121.109066079331,14.6023914253643],[121.109106076819,14.6022714325843],[121.109129017096,14.6022484952607],[121.109166077093,14.602211437039],[121.109184145807,14.602211437039],[121.109196076332,14.602211437039],[121.109306076835,14.6022014366208],[121.109446076577,14.6022214357182],[121.109536076989,14.6021614384207],[121.109676074934,14.6020014472859],[121.109716074219,14.6019314512365],[121.109756074402,14.6018914538565],[121.109776073595,14.6018414577733],[121.109763483706,14.6018220019544],[121.10966607399,14.6016714685714],[121.109486072269,14.6015014801074],[121.109436071142,14.6013614894067],[121.109436071142,14.6013314923813],[121.109446072086,14.6012914940229],[121.109446067594,14.6011715023814],[121.109406069208,14.6009415176393],[121.109346068035,14.6007715286111],[121.109296066908,14.6006015385823],[121.109286064167,14.600481545695],[121.109286065066,14.6004315501607],[121.109286065066,14.6004115509005],[121.109356063589,14.6002215630547],[121.109416062965,14.6000915685768],[121.109576061901,14.599921579761],[121.109856062283,14.5998415842628],[121.110056061401,14.5998115844223],[121.110476060627,14.5997215866145],[121.11080606034,14.5996515898396],[121.110966058377,14.599611592045],[121.111046058743,14.5995615945743],[121.111116059063,14.5995115970922],[121.111246059658,14.5994116020939],[121.111476057117,14.5992616112498],[121.11149605631,14.5992616112498],[121.111796055886,14.5990916200541],[121.111836121646,14.5990669663777]]]},"properties":{"barangay":"Rosario"}},{"type":"Feature","geometry":{"type":"Polygon","coordinates":[[[121.081795856674,14.5661539006398],[121.081855856948,14.56603390724],[121.081895856233,14.5659639119294],[121.081945852868,14.5658239203722],[121.082025855031,14.5657039267929],[121.082115853646,14.5655839348871],[121.082145852885,14.5655239380403],[121.08215585293,14.5655039399572],[121.081725851862,14.5653239536497],[121.081395850352,14.5652539598527],[121.080305850756,14.5651239751639],[121.079615851193,14.5649439902852],[121.079285849684,14.5648639977315],[121.078525851597,14.5649839926373],[121.078455851277,14.5649639962441],[121.078395851002,14.5649439981102],[121.078325851581,14.5648940005939],[121.078235849372,14.5648140062832],[121.078165849052,14.5646540175746],[121.078135848915,14.564554024138],[121.078135848017,14.5644940278805],[121.078165846357,14.5641140517831],[121.07816584456,14.5639640603746],[121.078195842901,14.5636140837923],[121.078135842627,14.5634740933517],[121.078075840556,14.563404098098],[121.077965840951,14.5633541019715],[121.077725839853,14.5633441050054],[121.077615841146,14.5633541045799],[121.07743584212,14.5634241007188],[121.077365841799,14.5634540994299],[121.077305840627,14.5634740976989],[121.077235843001,14.5634840972675],[121.077165841783,14.5634940985745],[121.077155842635,14.5635240946677],[121.076565849818,14.5646340289765],[121.076135853241,14.5650540030395],[121.076075853865,14.5651739969725],[121.076115855844,14.565603970349],[121.076205858951,14.5660539417916],[121.077151348364,14.5661821018441],[121.077685857636,14.5660639299404],[121.077745860606,14.5660839305811],[121.077825859175,14.5661039277422],[121.078105859557,14.566223919365],[121.078625861038,14.566443900939],[121.078845861146,14.5665438943879],[121.079315862397,14.5667538770924],[121.079465863083,14.5668138718656],[121.079835863878,14.5669938578263],[121.079985863665,14.567083851621],[121.080235865707,14.5672438385666],[121.080285865038,14.5671938433106],[121.080385863699,14.5671738427707],[121.080575862771,14.56712384576],[121.08078586463,14.5670638475933],[121.08103586218,14.5670038502798],[121.081175862821,14.5669638517718],[121.081225862151,14.5669438529499],[121.081275863278,14.5669038544311],[121.081345860903,14.5668138596935],[121.081465859656,14.5666438704028],[121.081605859398,14.5664438844196],[121.081705858058,14.5663038914282],[121.081795856674,14.5661539006398]]]},"properties":{"barangay":"Sagad"}},{"type":"Feature","geometry":{"type":"Polygon","coordinates":[[[121.063155937597,14.5772833053116],[121.061045922556,14.5748634732057],[121.058345938951,14.5771933391551],[121.057245944699,14.578113288993],[121.058905958581,14.5801431468399],[121.060085967572,14.5816830429206],[121.060115970404,14.5819730253928],[121.059965983192,14.5841128900316],[121.059825997823,14.586562734325],[121.059672397588,14.588972435138],[121.059666014159,14.5890725765844],[121.059726015332,14.5893325576186],[121.059716019778,14.5899825192931],[121.059586024573,14.5909124592349],[121.059586027268,14.5909224584275],[121.060009241565,14.5908854556748],[121.061416023961,14.5907624582505],[121.061606023932,14.5906224641943],[121.062596018579,14.5897525150315],[121.063806010639,14.5887525708168],[121.063876010061,14.5886525761455],[121.063906008402,14.588562584206],[121.063916009346,14.588472587883],[121.063916008447,14.588322597407],[121.063906002113,14.5874226576209],[121.063875993891,14.5861527345927],[121.063875991196,14.5857727601977],[121.063845973991,14.5830229364326],[121.063825969408,14.5821929903766],[121.063825967611,14.5821129953898],[121.063805960333,14.580803077043],[121.063785953055,14.5798731361356],[121.063755944833,14.5785332217241],[121.063675941773,14.5778932634246],[121.063155937597,14.5772833053116]]]},"properties":{"barangay":"San Antonio"}},{"type":"Feature","geometry":{"type":"Polygon","coordinates":[[[121.076295779413,14.5536447303691],[121.076415778165,14.5536147311936],[121.076725778685,14.5536247286006],[121.077815779179,14.5536047233523],[121.079115778837,14.5536847104244],[121.079115775244,14.5530747488157],[121.079245774042,14.5529147594189],[121.079455773206,14.5527747674061],[121.079685771563,14.5526747720631],[121.079905771671,14.5525947750605],[121.080215768598,14.5524947787665],[121.080375771126,14.5524147843072],[121.08042576866,14.5523047895958],[121.080425767762,14.5521248029534],[121.080415767716,14.552014808967],[121.080355764747,14.5517048286233],[121.080325762813,14.5515648393211],[121.080225760559,14.551124866278],[121.080185760376,14.55084488511],[121.080215761411,14.5507648900527],[121.080595755963,14.5504349093741],[121.080805755127,14.5502149214014],[121.080925753879,14.5500549316707],[121.08097575321,14.5499249388966],[121.081035751687,14.5496249584233],[121.081075749175,14.5493349760131],[121.081095746572,14.5489949981894],[121.081105748414,14.5485950227394],[121.081135743162,14.5483050407154],[121.081195740741,14.5478250713708],[121.081185738001,14.5475650892068],[121.081135736874,14.5473551012823],[121.081015735426,14.5470551216648],[121.081005733584,14.5469551280785],[121.081025732777,14.546885132802],[121.080971867098,14.5468566187135],[121.080960222237,14.5468782557882],[121.080789110243,14.5469014649482],[121.080628477097,14.5468744568662],[121.080397180675,14.5467852173954],[121.080187047662,14.5466884443825],[121.079971216635,14.5466404295793],[121.079783948441,14.5466440259076],[121.079564700223,14.5466858888684],[121.079366928028,14.546756658079],[121.079455743562,14.5483550480773],[121.078525745596,14.5485550417622],[121.078355755598,14.5502849304037],[121.077595761105,14.5507349078759],[121.076715761571,14.5510248954031],[121.076255763958,14.5512248857996],[121.075835768325,14.5517548526052],[121.075155772401,14.5524948109378],[121.074335770447,14.5520448431399],[121.074125770385,14.5520448457484],[121.074065771009,14.552054845835],[121.074015769882,14.5520548449654],[121.073945771358,14.5520648450516],[121.073895770231,14.5520748451372],[121.073845770901,14.552084846092],[121.073785772423,14.5520948453072],[121.073725770352,14.5521148428669],[121.073675770123,14.5521248438198],[121.073615770747,14.5521448413767],[121.073565771416,14.5521648424099],[121.073505771142,14.5521948400434],[121.073455770913,14.552214837594],[121.073405771583,14.5522348386208],[121.073355771354,14.5522648353754],[121.072345774819,14.5527048148411],[121.071455777036,14.5531547908579],[121.071035779606,14.5533647802213],[121.070785779361,14.5533647836993],[121.070485778887,14.553234792005],[121.069605777557,14.552914817675],[121.068705777033,14.5527248349523],[121.068975784556,14.5539047584117],[121.069175789963,14.5549146928833],[121.069235792034,14.5551146806246],[121.069255793922,14.555274669296],[121.069305795049,14.5556346468604],[121.069355797075,14.5560146227829],[121.06938579811,14.5561546127405],[121.069445801079,14.5564945891001],[121.069665800289,14.5563745974013],[121.069805800031,14.5562946008704],[121.070005798251,14.5562146043105],[121.070205798268,14.5561746055849],[121.070425796579,14.5561046097541],[121.070765797236,14.5559646171563],[121.070905795182,14.5559146176047],[121.071925793559,14.5555446362216],[121.073045790597,14.5550846590423],[121.074045787087,14.5547846716699],[121.074245787103,14.5546846763681],[121.075265781888,14.554114707065],[121.076075779305,14.5536947278265],[121.076295779413,14.5536447303691]]]},"properties":{"barangay":"San Joaquin"}},{"type":"Feature","geometry":{"type":"Polygon","coordinates":[[[121.073435830111,14.5613242581846],[121.073985829033,14.5612742581088],[121.074245830223,14.5613242547068],[121.07483582843,14.5612642540927],[121.075345828068,14.561234251606],[121.076055826824,14.5611442554241],[121.07656582736,14.5610842547611],[121.076345822761,14.5604642973834],[121.07629582343,14.5603443026269],[121.076235822257,14.5602143115667],[121.075655818706,14.5597043480385],[121.075215814897,14.5594743660785],[121.074745815442,14.5592743822887],[121.074275815987,14.5592143880729],[121.073995815604,14.5592043900497],[121.073795815588,14.5592243895735],[121.073565818129,14.5593343851829],[121.073645816698,14.5595043731519],[121.07346581857,14.5594843753925],[121.073169958431,14.5594042530468],[121.072985818171,14.5593543873034],[121.072515817817,14.559324392382],[121.072215817344,14.5593343930082],[121.071955815256,14.5593443927644],[121.071555817918,14.5593643948839],[121.071665819319,14.5595643820698],[121.071795819914,14.5597643682051],[121.0720558229,14.5602143393895],[121.072315827682,14.5607743010698],[121.072645830989,14.5615042521036],[121.073267821796,14.5613632726168],[121.073395829928,14.5613342587201],[121.073435830111,14.5613242581846]]]},"properties":{"barangay":"San Jose"}},{"type":"Feature","geometry":{"type":"Polygon","coordinates":[[[121.085923405198,14.5684319900547],[121.086045868928,14.5684037317556],[121.087785866107,14.5678437546705],[121.088285863903,14.5676837629437],[121.088505864011,14.56762376406],[121.088764412624,14.5682937832718],[121.089301965389,14.5689542558396],[121.089754794445,14.5693600691102],[121.090362457124,14.5694496889542],[121.090731838081,14.5694527058713],[121.0915153334,14.5693109576742],[121.092189455241,14.5692529676151],[121.093062044572,14.5688579742148],[121.093498246711,14.5686710569283],[121.094315863638,14.5679337107326],[121.095075862623,14.567913706782],[121.095125861953,14.5679137059126],[121.094995859562,14.567613726424],[121.095005859608,14.567463737396],[121.095145857553,14.5671537552851],[121.095265856305,14.5668537730236],[121.095395855103,14.5667037817398],[121.095425854342,14.5666737843402],[121.095485853718,14.5665837903782],[121.095565853186,14.5664737957759],[121.095635852608,14.5663738022951],[121.095675851893,14.5662738070301],[121.095705851132,14.5661738125892],[121.095735851269,14.5661038173231],[121.095765849609,14.5660638212602],[121.095805848894,14.5659738270492],[121.095865850067,14.5658438340903],[121.095935847692,14.565693842989],[121.09601584716,14.5655138542282],[121.096095846627,14.565353863419],[121.096185844344,14.5651738743807],[121.09619584439,14.5651738743807],[121.096195842593,14.5651638757582],[121.096255842868,14.5650538821865],[121.096305843096,14.5649038922867],[121.096275842061,14.5648238971101],[121.096265842015,14.5647738995666],[121.096145840568,14.564543915937],[121.096025840019,14.564383926163],[121.096005839029,14.5643739283742],[121.095975837994,14.564283932604],[121.095945839653,14.5642239371424],[121.095925838663,14.5640539475941],[121.095925837765,14.5640439489208],[121.095925837765,14.5639039561447],[121.095995836288,14.563803962368],[121.096135834234,14.5637239676619],[121.096235834691,14.5636839702979],[121.09626583393,14.5636639711785],[121.096445833855,14.5635839738132],[121.096565834404,14.5635239781611],[121.096695833202,14.563483979022],[121.096805832807,14.563413982902],[121.096895833219,14.5633339889239],[121.097025832915,14.5632939897502],[121.097155831713,14.563233991411],[121.097245832125,14.5631739956637],[121.097405830162,14.5630640010996],[121.09753582896,14.5629740074032],[121.097635829417,14.5629040093825],[121.097765829113,14.5628040168914],[121.097865827774,14.5626940212732],[121.097935827196,14.5626040274259],[121.097995826572,14.5625240331539],[121.098025825811,14.5624540375988],[121.098015824867,14.5623240434346],[121.097915825308,14.5622940489171],[121.095835821183,14.5616840989371],[121.095375821774,14.5615341110928],[121.094875820385,14.5613741252217],[121.09464582113,14.561304130171],[121.094515819637,14.5611141442383],[121.094415820976,14.561304130171],[121.094315821417,14.5614841206286],[121.094195823563,14.5617341058758],[121.094135824187,14.5619440914211],[121.094125825938,14.5620840837024],[121.094095826699,14.5621840773894],[121.093168479661,14.5621080763834],[121.092451207246,14.5618686893894],[121.092246559347,14.5617669296885],[121.092594809233,14.561102516061],[121.091227629964,14.5607577360647],[121.090929894143,14.561522648135],[121.090413396991,14.561835376956],[121.089966226422,14.5619471032241],[121.09029582908,14.5623440913651],[121.090425305956,14.5624801412788],[121.090526071778,14.5625860218703],[121.090720021642,14.562921561057],[121.090775565374,14.5631075459465],[121.090774395767,14.5632435936504],[121.090702958143,14.5634285418812],[121.090561360298,14.5636500225698],[121.09038822979,14.563846509809],[121.090095840741,14.5640439836988],[121.089915840816,14.5640839827363],[121.089405841178,14.5641939794002],[121.089095841557,14.5642739774137],[121.088335845267,14.5645839600952],[121.088075844976,14.5646939547708],[121.087785845446,14.564723955048],[121.087582778581,14.5647659676015],[121.087338089176,14.5645736719199],[121.08684881457,14.5643857780884],[121.086434424424,14.5642720515842],[121.086032935883,14.5641216516419],[121.085492050369,14.5640804458149],[121.085077237116,14.5640157543987],[121.084711816832,14.5640617978564],[121.084597271752,14.5642079731858],[121.084429312845,14.5647092353066],[121.08434934931,14.5652234779749],[121.084346913977,14.5655054249677],[121.084205395184,14.5658597892341],[121.084102904596,14.5660673616276],[121.083886504038,14.5663475556183],[121.083684912206,14.5663704219097],[121.083420706902,14.5663559970187],[121.083019431261,14.5661810750337],[121.082719905097,14.565884391853],[121.082395313242,14.5655752447962],[121.08215585293,14.5655039399572],[121.082145852885,14.5655239380403],[121.082115853646,14.5655839348871],[121.082025855031,14.5657039267929],[121.081945852868,14.5658239203722],[121.081895856233,14.5659639119294],[121.081855856948,14.56603390724],[121.081795856674,14.5661539006398],[121.081705858058,14.5663038914282],[121.081605859398,14.5664438844196],[121.081465859656,14.5666438704028],[121.081345860903,14.5668138596935],[121.081275863278,14.5669038544311],[121.081225862151,14.5669438529499],[121.081175862821,14.5669638517718],[121.08103586218,14.5670038502798],[121.08078586463,14.5670638475933],[121.080575862771,14.56712384576],[121.080385863699,14.5671738427707],[121.080285865038,14.5671938433106],[121.080235865707,14.5672438385666],[121.080545866227,14.5675238197891],[121.080765868132,14.5677838019104],[121.080885869579,14.567973789922],[121.081415874698,14.5689237249158],[121.082025882878,14.5701336447301],[121.084675875237,14.5689837025794],[121.085565869427,14.5685737231672],[121.08591587013,14.5684337289198],[121.085923405198,14.5684319900547]]]},"properties":{"barangay":"San Miguel"}},{"type":"Feature","geometry":{"type":"Polygon","coordinates":[[[121.077725839853,14.5633441050054],[121.078215840298,14.5631941095954],[121.078155838227,14.5629241276861],[121.078069104089,14.562711776417],[121.078483761034,14.5624740663894],[121.078954915723,14.5623238391123],[121.0791772784,14.5622331747625],[121.079228600051,14.5622720733962],[121.079444580198,14.5624357659773],[121.079713749593,14.5624225624149],[121.079937310623,14.5621931701725],[121.080131087111,14.5617477233418],[121.080512638443,14.5615504578052],[121.083806941151,14.5602299471546],[121.083605251404,14.5596871091161],[121.083945812609,14.5595243091774],[121.085235524761,14.5590504018289],[121.084657439113,14.5574891246074],[121.083285805099,14.5580044100879],[121.080995810793,14.5588243709303],[121.080515812191,14.5590043634112],[121.080515813988,14.5592243495779],[121.080545815023,14.5594343357735],[121.080615816242,14.5596043254044],[121.080675817414,14.5597743131654],[121.079345819415,14.5602542904316],[121.078355822972,14.5606042749535],[121.077745824673,14.5608142650523],[121.077565824748,14.5607542712553],[121.077515825418,14.5607142716139],[121.077425823209,14.5606842751385],[121.07727582432,14.5606742763125],[121.077085825247,14.5607042762671],[121.076945826403,14.5607342753481],[121.07681582491,14.560764274425],[121.076685825214,14.5607942717589],[121.076665826021,14.56093426477],[121.076635826782,14.5610642562754],[121.07656582736,14.5610842547611],[121.076665826919,14.5611242525965],[121.076695827057,14.5611242508576],[121.076725826295,14.5611242508576],[121.076935826358,14.5611442510768],[121.077155828262,14.5612142427003],[121.077365828325,14.5613042362453],[121.077465827884,14.561394228884],[121.077545827351,14.5614842240944],[121.077605829422,14.5615442194318],[121.07763582956,14.5616142144063],[121.077645831402,14.5617442063804],[121.077615831265,14.5619241956094],[121.077535832696,14.5621041838222],[121.077415834842,14.5622441760018],[121.077265834155,14.5624241656922],[121.077155835449,14.562524159225],[121.077055838585,14.5626941490831],[121.077035837595,14.5627741441628],[121.076995839209,14.5629141359172],[121.076975839117,14.5630441279947],[121.076945839878,14.5631241229475],[121.076935841629,14.5632041170017],[121.076945840776,14.5632541149012],[121.076955841721,14.5633241102024],[121.076995842802,14.5634041050536],[121.077055840381,14.5634641007383],[121.077165841783,14.5634940985745],[121.077235843001,14.5634840972675],[121.077305840627,14.5634740976989],[121.077365841799,14.5634540994299],[121.07743584212,14.5634241007188],[121.077615841146,14.5633541045799],[121.077725839853,14.5633441050054]]]},"properties":{"barangay":"San Nicolas"}},{"type":"Feature","geometry":{"type":"Polygon","coordinates":[[[121.073565818129,14.5593343851829],[121.073515816104,14.5592643886156],[121.073365815417,14.5590943995922],[121.073275815904,14.5589444125955],[121.073138879417,14.5587821285742],[121.072293947417,14.5577808082991],[121.071115798837,14.5563845877274],[121.070765797236,14.5559646171563],[121.070425796579,14.5561046097541],[121.070205798268,14.5561746055849],[121.070005798251,14.5562146043105],[121.069805800031,14.5562946008704],[121.069665800289,14.5563745974013],[121.069445801079,14.5564945891001],[121.06895580333,14.5568545707607],[121.068705804881,14.5571045551677],[121.068038184148,14.5577815456135],[121.068038155402,14.5577815760451],[121.067995810616,14.5578245150418],[121.067935810342,14.5579045101485],[121.067485813673,14.5584444780991],[121.067385815013,14.5585744702023],[121.067325815637,14.5587044622288],[121.067235816123,14.5588644543835],[121.067735814817,14.5586944607047],[121.068105815611,14.5586044626171],[121.068705812966,14.5584644698666],[121.069135813136,14.5583944704148],[121.069765812425,14.5584144674036],[121.070045814604,14.5584844598932],[121.070285813905,14.5586244491533],[121.071015816346,14.5590344201084],[121.071555817918,14.5593643948839],[121.071955815256,14.5593443927644],[121.072215817344,14.5593343930082],[121.072515817817,14.559324392382],[121.072985818171,14.5593543873034],[121.073169958431,14.5594042530468],[121.07346581857,14.5594843753925],[121.073645816698,14.5595043731519],[121.073565818129,14.5593343851829]]]},"properties":{"barangay":"Sta. Rosa"}},{"type":"Feature","geometry":{"type":"Polygon","coordinates":[[[121.083783211255,14.5622765693575],[121.083787763917,14.5617494500872],[121.083842765965,14.5612104848897],[121.084018047938,14.560798126087],[121.083806941151,14.5602299471546],[121.080512638443,14.5615504578052],[121.080131087111,14.5617477233418],[121.079937310623,14.5621931701725],[121.079713749593,14.5624225624149],[121.079444580198,14.5624357659773],[121.079228600051,14.5622720733962],[121.079345589447,14.5627247582509],[121.079495867712,14.5630637193965],[121.07992583195,14.5630591956287],[121.080099373886,14.5630686744133],[121.080255058213,14.5632310057091],[121.080461459625,14.5632649108986],[121.080750673129,14.5632833902506],[121.080572102423,14.5639223789288],[121.080452054264,14.5643519469744],[121.079882170234,14.5642828484012],[121.079394959956,14.5642144253684],[121.079106511817,14.5641073709323],[121.078942142578,14.5639932825933],[121.078820018412,14.5637748583695],[121.078638904576,14.5636847901905],[121.078359423419,14.5634972816383],[121.078279987195,14.5634506772661],[121.078215840298,14.5631941095954],[121.077725839853,14.5633441050054],[121.077965840951,14.5633541019715],[121.078075840556,14.563404098098],[121.078135842627,14.5634740933517],[121.078195842901,14.5636140837923],[121.07816584456,14.5639640603746],[121.078165846357,14.5641140517831],[121.078135848017,14.5644940278805],[121.078135848915,14.564554024138],[121.078165849052,14.5646540175746],[121.078235849372,14.5648140062832],[121.078325851581,14.5648940005939],[121.078395851002,14.5649439981102],[121.078455851277,14.5649639962441],[121.078525851597,14.5649839926373],[121.079285849684,14.5648639977315],[121.079615851193,14.5649439902852],[121.080305850756,14.5651239751639],[121.081395850352,14.5652539598527],[121.081725851862,14.5653239536497],[121.08215585293,14.5655039399572],[121.082416376939,14.5645946621272],[121.082457102063,14.5642517308219],[121.082345523219,14.5640546648902],[121.082120034405,14.5639302213709],[121.082083969741,14.563733774201],[121.082186778332,14.563489429617],[121.082720371323,14.5629176102566],[121.083783211255,14.5622765693575]]]},"properties":{"barangay":"Sto. Tomas"}},{"type":"Feature","geometry":{"type":"Polygon","coordinates":[[[121.086276217628,14.6224302908873],[121.088526201869,14.6201004250557],[121.088656216837,14.6222802853282],[121.08937621474,14.6222902796175],[121.089396214832,14.6219503022912],[121.089536214574,14.6219303023814],[121.090216213193,14.6219702952454],[121.090946213837,14.6219802904179],[121.091946213021,14.6219902847208],[121.092826212555,14.6219702795994],[121.092816208916,14.6217502944192],[121.092666196552,14.6196004312459],[121.092616190933,14.6187304871985],[121.092516180594,14.6170905922862],[121.092376164683,14.614700744615],[121.092266156095,14.6132908351523],[121.09213613933,14.6110809769152],[121.092096138249,14.610411018383],[121.092066132722,14.609711063665],[121.092066131824,14.6094610807251],[121.092097004225,14.6091600590867],[121.092106129312,14.6090711047544],[121.092126129403,14.6089811107363],[121.092196127028,14.6088111209691],[121.092296124791,14.6085411376157],[121.092336124974,14.6084011461812],[121.092386123406,14.6082211566903],[121.092406122599,14.6081211630446],[121.092416122645,14.6080611673569],[121.092376118868,14.6075511981346],[121.092356117879,14.6073712122943],[121.092246111087,14.6064112725744],[121.0902661182,14.6069512511352],[121.090236115368,14.6069612495988],[121.090216115276,14.6069612495988],[121.090166116844,14.6069512502659],[121.090106115671,14.606911253799],[121.089886114665,14.6067312665655],[121.088866124372,14.6082111791466],[121.088756123869,14.6082611772586],[121.088696125391,14.6082411778413],[121.088616125924,14.6081711837782],[121.088236122389,14.6078012075862],[121.087586117619,14.6071012575973],[121.087336117374,14.6068412758288],[121.086925846004,14.6071732339585],[121.086026123958,14.6079012152859],[121.08319613886,14.6100110987986],[121.082797294959,14.6103128642335],[121.081023179765,14.6116551564161],[121.08093615098,14.611721002992],[121.079786158296,14.6127509460521],[121.079276164947,14.6135408980539],[121.078796169937,14.6144708426969],[121.07860617356,14.6149908113471],[121.078516174945,14.6152607946007],[121.078406178035,14.6156907666339],[121.078406178035,14.6159307522557],[121.078416180776,14.6161707358768],[121.078466182801,14.6164107209743],[121.078576185101,14.6167306986682],[121.078686185604,14.6170706779887],[121.078826189838,14.6174206547709],[121.079216193418,14.6180806096208],[121.079806197015,14.6186905676295],[121.080316199348,14.6192605288559],[121.080676202792,14.6197104983901],[121.080936203981,14.6200004794078],[121.081056206326,14.6202204628637],[121.081177100699,14.6201813510784],[121.081396205187,14.6201104672517],[121.082456201951,14.6197804826931],[121.082716205835,14.6203004465994],[121.082996208912,14.6208404118932],[121.083286212036,14.6214803686869],[121.083416214427,14.6217403513895],[121.083506218432,14.6220003337842],[121.083636219026,14.6223703112757],[121.083686220153,14.6224703053907],[121.083796221555,14.6227202865676],[121.084176224191,14.6232002526196],[121.084326225776,14.6233602430986],[121.084826227165,14.623860208357],[121.085816220914,14.6228802626196],[121.086176218069,14.6225302841058],[121.086276217628,14.6224302908873]]]},"properties":{"barangay":"Santolan"}},{"type":"Feature","geometry":{"type":"Polygon","coordinates":[[[121.076235781833,14.5540547036208],[121.076075779305,14.5536947278265],[121.075265781888,14.554114707065],[121.074245787103,14.5546846763681],[121.074045787087,14.5547846716699],[121.073045790597,14.5550846590423],[121.071925793559,14.5555446362216],[121.070905795182,14.5559146176047],[121.070765797236,14.5559646171563],[121.071115798837,14.5563845877274],[121.072293947417,14.5577808082991],[121.073138879417,14.5587821285742],[121.073275815904,14.5589444125955],[121.073535812602,14.5587444231085],[121.074255808709,14.5580344643129],[121.074525923132,14.557770502417],[121.074695805332,14.5576044866139],[121.074855805165,14.5575044943289],[121.075135803751,14.5574144966255],[121.07552580284,14.5573045017978],[121.075645801592,14.5572745031199],[121.075755802994,14.5572445053073],[121.0758658017,14.5572045067685],[121.075845801609,14.5570645148685],[121.07581580237,14.5569845203267],[121.075835799766,14.5565545484068],[121.075875797254,14.5563045642462],[121.075995793312,14.5558045950753],[121.076235786325,14.554624667862],[121.076295783006,14.5542646903889],[121.076295783006,14.5542046956804],[121.076235781833,14.5540547036208]]]},"properties":{"barangay":"Sumilang"}},{"type":"Feature","geometry":{"type":"Polygon","coordinates":[[[121.083076013446,14.5902623568642],[121.083416003323,14.5888524446027],[121.083505997446,14.5878625069328],[121.083565994127,14.587302542792],[121.083565986941,14.5866525853761],[121.083485982083,14.5857726402254],[121.082722147292,14.583394874737],[121.082425962862,14.5824728569744],[121.082415961918,14.5824528586905],[121.082415961019,14.5824328604048],[121.082035954789,14.581342932397],[121.081545948056,14.5802230051792],[121.080755939053,14.5788530980232],[121.079725930748,14.5774831910424],[121.078905926099,14.5766732472677],[121.078550830152,14.5763297592096],[121.077065915886,14.5748933729865],[121.076405910172,14.5741534245962],[121.075865906803,14.5734934692586],[121.075415902948,14.5727835170871],[121.074875895088,14.5716035963792],[121.074625892148,14.5709736371802],[121.074415886696,14.5703136784071],[121.074195888384,14.5703736774282],[121.073848873682,14.5704525412086],[121.073315889749,14.5705736702796],[121.071535894183,14.5711236464251],[121.071635896437,14.571553618631],[121.071925904052,14.5726835447262],[121.071985905225,14.5729335277083],[121.07049590829,14.5733235120706],[121.069725910158,14.5735235039843],[121.069605911406,14.5735535030599],[121.069565911223,14.573693494925],[121.069555912075,14.5738134876331],[121.069625914192,14.5742234607768],[121.069245915149,14.5743034586284],[121.069025914143,14.5743334575979],[121.068305916239,14.5743334602061],[121.068235922207,14.5752334056572],[121.068245221567,14.5755960066708],[121.068469026938,14.5760695845979],[121.068567290054,14.5762368879925],[121.068733513416,14.5767793601272],[121.068745581383,14.577029196751],[121.06865733089,14.5773475772622],[121.068541801256,14.5775269877743],[121.068537085101,14.5780680465746],[121.06869027301,14.5784716678418],[121.06895717865,14.5789039782828],[121.068795947227,14.5792231463601],[121.068005957088,14.580533068017],[121.067795955229,14.5804230768993],[121.067165953245,14.5800831026626],[121.066645952663,14.5798831167031],[121.066325951199,14.5798231237488],[121.066065951807,14.5798131266603],[121.065245951649,14.5798431292265],[121.063785953055,14.5798731361356],[121.063805960333,14.580803077043],[121.063825967611,14.5821129953898],[121.063825969408,14.5821929903766],[121.063845973991,14.5830229364326],[121.063875991196,14.5857727601977],[121.063875993891,14.5861527345927],[121.063906002113,14.5874226576209],[121.063916008447,14.588322597407],[121.063916009346,14.588472587883],[121.063906008402,14.588562584206],[121.063876010061,14.5886525761455],[121.063806010639,14.5887525708168],[121.062596018579,14.5897525150315],[121.061606023932,14.5906224641943],[121.061776023811,14.5905724672891],[121.061916021757,14.5905424696621],[121.064046023415,14.5910224251181],[121.066296027419,14.591512380432],[121.067666028296,14.5918323508912],[121.068066028329,14.5919023440683],[121.068146029593,14.591942342395],[121.068176028832,14.5919723389618],[121.068246030051,14.5920223364184],[121.068266029244,14.5920423347024],[121.068426029976,14.5921523261012],[121.068856031943,14.5924823025759],[121.069446033743,14.5929122722067],[121.069636034612,14.5930222631707],[121.069786036197,14.5931722530522],[121.069986038908,14.5933322410454],[121.070126036854,14.5934122363023],[121.07034603786,14.5934322335907],[121.070536037831,14.5934322327213],[121.070766037086,14.5933222376155],[121.070976037149,14.593292236886],[121.071196036358,14.5932222424122],[121.072206035588,14.5930922437987],[121.072216035634,14.5930922429293],[121.072326035239,14.5932222337189],[121.074196032115,14.5929222417511],[121.075556031149,14.5927122466087],[121.076996374604,14.592495728626],[121.077086029165,14.5924822530237],[121.077666028225,14.5923822539614],[121.078176026964,14.5922122626667],[121.079656022056,14.591642288698],[121.080746023449,14.5918322709119],[121.081286015139,14.590672341988],[121.081556010086,14.5899023906487],[121.082716010901,14.5901823639398],[121.083076013446,14.5902623568642]]]},"properties":{"barangay":"Ugong"}},{"type":"Feature","geometry":{"type":"Polygon","coordinates":[[[121.076085816181,14.5593443684193],[121.07583580875,14.5581744434248],[121.075749339615,14.5577648899584],[121.075645801592,14.5572745031199],[121.07552580284,14.5573045017978],[121.075135803751,14.5574144966255],[121.074855805165,14.5575044943289],[121.074695805332,14.5576044866139],[121.074525923132,14.557770502417],[121.074255808709,14.5580344643129],[121.073535812602,14.5587444231085],[121.073275815904,14.5589444125955],[121.073365815417,14.5590943995922],[121.073515816104,14.5592643886156],[121.073565818129,14.5593343851829],[121.073795815588,14.5592243895735],[121.073995815604,14.5592043900497],[121.074275815987,14.5592143880729],[121.074745815442,14.5592743822887],[121.075215814897,14.5594743660785],[121.075655818706,14.5597043480385],[121.076235822257,14.5602143115667],[121.076085816181,14.5593443684193]]]},"properties":{"barangay":"Bagong Katipunan"}},{"type":"Feature","geometry":{"type":"Polygon","coordinates":[[[121.10882598391,14.5876723639391],[121.108655981335,14.5873923839783],[121.108645982188,14.5873723844024],[121.108575981868,14.5873923839783],[121.10847598141,14.5872023961937],[121.108445981273,14.5871324006528],[121.108445980375,14.587052406591],[121.108515978898,14.5868624176437],[121.108525978046,14.5868224210021],[121.108545977239,14.5867224271928],[121.108555976386,14.5865824357836],[121.108545976341,14.5864224446232],[121.108415973051,14.5858924811701],[121.108335970888,14.5857424924138],[121.10830597165,14.5856424972447],[121.108425968605,14.5854625082601],[121.108445969595,14.5854125110524],[121.108435968651,14.5853425149425],[121.108325966351,14.5849025441011],[121.10828596527,14.5846625602675],[121.108285962575,14.5845525659959],[121.108285962575,14.5844125766846],[121.108355961997,14.5842125885706],[121.1083559602,14.5840825968078],[121.108345959256,14.5840325992867],[121.108295959926,14.5839826026237],[121.108275959834,14.5839326068186],[121.108325959165,14.5838226130518],[121.108405957734,14.583682622407],[121.108485956303,14.5835426290652],[121.108535955634,14.5833126432879],[121.108595954111,14.5831826509937],[121.108655954386,14.5831226545913],[121.10870595192,14.5830526603617],[121.108725952909,14.5829726656871],[121.108715951965,14.5827126806208],[121.108835950718,14.58269268062],[121.108915951982,14.5826726832254],[121.108995950551,14.5825826888419],[121.109065949973,14.5824326978312],[121.109125949349,14.5823227033152],[121.109125949349,14.582252707962],[121.109125947553,14.5821827117171],[121.109035946243,14.5818727329231],[121.108955944978,14.5816427480101],[121.108965943228,14.5815627528235],[121.109095942026,14.5811927762288],[121.109115939422,14.5809827881556],[121.109005937122,14.5805728154182],[121.108828497396,14.5800701079408],[121.108765934228,14.5798928607967],[121.108595931654,14.5795428834246],[121.108355929657,14.5792429067244],[121.108215928119,14.5790929143088],[121.108135927753,14.5790229214067],[121.107845928223,14.5789629247406],[121.107525928556,14.5789129312737],[121.10727592831,14.5788729349271],[121.107025927167,14.5788029402164],[121.106805926161,14.5786929491041],[121.106785926967,14.5786829502255],[121.106745925886,14.5786729513465],[121.106685927408,14.5786529518482],[121.10661592619,14.5786229543362],[121.106525925778,14.5785229620204],[121.106055921832,14.5779330017387],[121.105905921145,14.5777530151478],[121.105875921008,14.5777330173048],[121.105795922439,14.5776930198746],[121.105785920596,14.577693016397],[121.105415921599,14.5777130185906],[121.105275920959,14.5776830226894],[121.105195919694,14.5775930280061],[121.105105919283,14.5775030350249],[121.105025919815,14.5774130411375],[121.104605916995,14.5770830646848],[121.104495915594,14.5770230692292],[121.104125915698,14.5768230848387],[121.103775914097,14.576603099713],[121.103685914584,14.5765231061739],[121.103605915116,14.5764431117364],[121.103465912679,14.5763131206047],[121.103235911627,14.5760831377121],[121.103145911215,14.575973145242],[121.102985909585,14.5758331548252],[121.102525906583,14.5753831859573],[121.102325906566,14.5751932017241],[121.101385902266,14.5743732556739],[121.10076916301,14.5752420788487],[121.096615946922,14.5810928581077],[121.094675966794,14.5841426746695],[121.094165977936,14.5856825810371],[121.093515989336,14.5874524713692],[121.092826005943,14.5901023083933],[121.093226005976,14.5900623079936],[121.093436006038,14.5900423069216],[121.09413600385,14.5899723079369],[121.094956004008,14.5899023080607],[121.09567600281,14.5898323081621],[121.097006001707,14.5897023084156],[121.102445098631,14.5891825077434],[121.108869615083,14.5877450769163],[121.10882598391,14.5876723639391]]]},"properties":{"barangay":"Sta. Lucia"}},{"type":"Feature","geometry":{"type":"Polygon","coordinates":[[[121.080255058213,14.5632310057091],[121.080099373886,14.5630686744133],[121.07992583195,14.5630591956287],[121.079495867712,14.5630637193965],[121.079345589447,14.5627247582509],[121.079228600051,14.5622720733962],[121.0791772784,14.5622331747625],[121.078954915723,14.5623238391123],[121.078483761034,14.5624740663894],[121.078069104089,14.562711776417],[121.078155838227,14.5629241276861],[121.078215840298,14.5631941095954],[121.078279987195,14.5634506772661],[121.078359423419,14.5634972816383],[121.078638904576,14.5636847901905],[121.078820018412,14.5637748583695],[121.078942142578,14.5639932825933],[121.079106511817,14.5641073709323],[121.079394959956,14.5642144253684],[121.079882170234,14.5642828484012],[121.080452054264,14.5643519469744],[121.080572102423,14.5639223789288],[121.080750673129,14.5632833902506],[121.080461459625,14.5632649108986],[121.080255058213,14.5632310057091]]]},"properties":{"barangay":"Sta. Cruz"}},{"type":"Feature","geometry":{"type":"Polygon","coordinates":[[[121.096715689563,14.5411654005752],[121.096645689243,14.5408454226667],[121.096635687401,14.5408454209277],[121.096555687035,14.5406554347763],[121.096545104881,14.5406477654156],[121.096448459631,14.5405777272716],[121.096430638852,14.5405919834174],[121.096173623663,14.5411989378608],[121.096136615768,14.5415619130676],[121.096311596806,14.5423268673153],[121.096318272187,14.5426476160936],[121.09705569561,14.5420653422073],[121.096905694924,14.5418953547209],[121.09678569168,14.5415653755697],[121.096715689563,14.5411654005752]]]},"properties":{"barangay":"Kalawaan"}},{"type":"Feature","geometry":{"type":"Polygon","coordinates":[[[121.088235772046,14.5532646816761],[121.088355768103,14.552794711865],[121.088615764801,14.552354736926],[121.088905764331,14.5521547484226],[121.089285761578,14.5520247542767],[121.089755762829,14.5519747555714],[121.090425763199,14.5520447466257],[121.091385763099,14.5523147227194],[121.091854326148,14.5525539687873],[121.09185576435,14.5525547043802],[121.092155766621,14.5527046922423],[121.092325765602,14.5527046931118],[121.092415766014,14.5526446953708],[121.092485765435,14.5526046968676],[121.092695764599,14.5524547063291],[121.092825760702,14.5522147210815],[121.093118334804,14.5514801414026],[121.093118354567,14.5514800918411],[121.093745747843,14.5499048637526],[121.094265739442,14.5484949481165],[121.094874926562,14.5446537214266],[121.094837614138,14.544661785413],[121.094835775287,14.544662181917],[121.094637526087,14.5446549144166],[121.093805527132,14.544629892058],[121.092152955792,14.5445801907952],[121.091963739152,14.5446226680329],[121.091364331093,14.5448076492602],[121.091172273081,14.5448694377449],[121.090960824037,14.5449362485897],[121.090797728609,14.5449508913928],[121.090756585769,14.5449545833964],[121.090497049008,14.5449102636985],[121.090207771724,14.5447981836036],[121.089875339373,14.5446250435789],[121.088586238974,14.5439536368953],[121.087683291078,14.5436719649623],[121.087310288114,14.5436021521161],[121.086952372356,14.5435351626139],[121.086817996966,14.5435274020525],[121.086696914845,14.543520408417],[121.086561402188,14.5435502263627],[121.086310775817,14.5436053737262],[121.086235454775,14.5436363211803],[121.0857846083,14.543831970622],[121.085635910171,14.5438536853811],[121.085415610924,14.5437777824063],[121.085242778657,14.5436581672577],[121.08493056379,14.5435303506311],[121.084386106574,14.5432418540726],[121.083855979284,14.5429175706358],[121.083580437241,14.5428129962125],[121.083509444282,14.5427860519759],[121.083432903328,14.5429482268926],[121.083370083242,14.5430193964166],[121.08331322258,14.5430838139982],[121.083176781064,14.5432273911492],[121.083000495673,14.543346255256],[121.08290649686,14.5434072641801],[121.082653901382,14.5434718485986],[121.082446736403,14.5434945320505],[121.082266385236,14.5435044316588],[121.082068000391,14.5434767866646],[121.081863348897,14.5434019417797],[121.081777293887,14.5433166920554],[121.081543867558,14.54309528487],[121.081317659193,14.5430040048177],[121.0811997616,14.5429506511506],[121.081151814022,14.5429289536933],[121.081131353993,14.5429552083728],[121.081084772753,14.5430947857584],[121.081026709246,14.5433662831721],[121.080991812392,14.5435453552522],[121.080881968196,14.5438472621672],[121.080810998593,14.5440884086355],[121.080774866556,14.5443243976726],[121.080750059579,14.5445385378607],[121.08077691741,14.5447301223388],[121.08089711469,14.5450382003904],[121.081078029998,14.5456554908006],[121.081133481204,14.5459576226454],[121.081157354831,14.5461809338191],[121.081151466374,14.5464129225701],[121.081079406217,14.5466568043501],[121.080971867098,14.5468566187135],[121.081025732777,14.546885132802],[121.081005733584,14.5469551280785],[121.081015735426,14.5470551216648],[121.081135736874,14.5473551012823],[121.081185738001,14.5475650892068],[121.081195740741,14.5478250713708],[121.081135743162,14.5483050407154],[121.081105748414,14.5485950227394],[121.081095746572,14.5489949981894],[121.081075749175,14.5493349760131],[121.081035751687,14.5496249584233],[121.08097575321,14.5499249388966],[121.080925753879,14.5500549316707],[121.080805755127,14.5502149214014],[121.080595755963,14.5504349093741],[121.080215761411,14.5507648900527],[121.080185760376,14.55084488511],[121.080225760559,14.551124866278],[121.080325762813,14.5515648393211],[121.080355764747,14.5517048286233],[121.080415767716,14.552014808967],[121.080425767762,14.5521248029534],[121.08042576866,14.5523047895958],[121.080375771126,14.5524147843072],[121.080215768598,14.5524947787665],[121.079905771671,14.5525947750605],[121.079685771563,14.5526747720631],[121.079455773206,14.5527747674061],[121.079245774042,14.5529147594189],[121.079115775244,14.5530747488157],[121.079115778837,14.5536847104244],[121.079275777773,14.5537047087095],[121.079545778109,14.5537247052538],[121.080005778417,14.5537746992152],[121.080895777997,14.553714698287],[121.082105775447,14.5535147031906],[121.084295772888,14.5530547183022],[121.085105770305,14.5530147172649],[121.085385776077,14.553774667044],[121.085885784652,14.5551145788948],[121.086065788171,14.5556645414234],[121.086255786345,14.5553645600562],[121.086365784153,14.5552145687849],[121.086465784611,14.5550945763901],[121.086565783271,14.5549745830605],[121.086755782344,14.5548145941716],[121.086985779803,14.5546146044193],[121.087205780809,14.5544446118136],[121.087365779744,14.5543346189833],[121.087525777781,14.5542546225824],[121.087655779274,14.554184627012],[121.087755777935,14.5541246314122],[121.087855776596,14.5540646340572],[121.087925775119,14.5539946384265],[121.087985776292,14.5539146419023],[121.08804577477,14.5537946488007],[121.0880957741,14.5536846556465],[121.088135775182,14.5535846615853],[121.088145774329,14.553574663307],[121.088175773568,14.5534346725822],[121.088235772046,14.5532646816761]]]},"properties":{"barangay":"Kalawaan"}}]}
